<?xml version="1.0" encoding="utf-8"?><asx:abap version="1.0" xmlns:asx="http://www.sap.com/abapxml"><asx:values><ENH_DATA><item><REF_OBJ_TYPE>CLAS</REF_OBJ_TYPE><REF_OBJ_NAME>ZISU_UE_DM_DEVCAT_FUNC</REF_OBJ_NAME><REF_SUB_TYPE/><REF_SUB_NAME/><REF_INT_TYPE/><REF_INT_NAME/><OBJ_TYPE>ENHO</OBJ_TYPE><OBJ_NAME>ZISU_UE_DM_DEVCAT_FUNC</OBJ_NAME><SUB_TYPE/><SUB_NAME/><INCLUDE_NAME/><DEVCLASS>ZISU_UE_DEV</DEVCLASS><GENFLAG/><DLVUNIT>HOME</DLVUNIT><REF_APPL_COMPONENT/><ENHTOOLTYPE>BADI_IMPL</ENHTOOLTYPE></item><item><REF_OBJ_TYPE>ENHS</REF_OBJ_TYPE><REF_OBJ_NAME>ISU_DM_DEVCAT</REF_OBJ_NAME><REF_SUB_TYPE/><REF_SUB_NAME/><REF_INT_TYPE/><REF_INT_NAME/><OBJ_TYPE>ENHO</OBJ_TYPE><OBJ_NAME>ZISU_UE_DM_DEVCAT_FUNC</OBJ_NAME><SUB_TYPE/><SUB_NAME/><INCLUDE_NAME/><DEVCLASS>ZISU_UE_DEV</DEVCLASS><GENFLAG/><DLVUNIT>HOME</DLVUNIT><REF_APPL_COMPONENT>IS-U-DM</REF_APPL_COMPONENT><ENHTOOLTYPE>BADI_IMPL</ENHTOOLTYPE></item><item><REF_OBJ_TYPE>INTF</REF_OBJ_TYPE><REF_OBJ_NAME>IF_ISU_DM_DEVCAT_FUNC</REF_OBJ_NAME><REF_SUB_TYPE/><REF_SUB_NAME/><REF_INT_TYPE/><REF_INT_NAME/><OBJ_TYPE>ENHO</OBJ_TYPE><OBJ_NAME>ZISU_UE_DM_DEVCAT_FUNC</OBJ_NAME><SUB_TYPE/><SUB_NAME/><INCLUDE_NAME/><DEVCLASS>ZISU_UE_DEV</DEVCLASS><GENFLAG/><DLVUNIT>HOME</DLVUNIT><REF_APPL_COMPONENT>IS-U-DM</REF_APPL_COMPONENT><ENHTOOLTYPE>BADI_IMPL</ENHTOOLTYPE></item><item><REF_OBJ_TYPE>CLAS</REF_OBJ_TYPE><REF_OBJ_NAME>ZISU_DM_SAPLIPW1</REF_OBJ_NAME><REF_SUB_TYPE/><REF_SUB_NAME/><REF_INT_TYPE/><REF_INT_NAME/><OBJ_TYPE>ENHO</OBJ_TYPE><OBJ_NAME>ZISU_DM_SAPLIPW1</OBJ_NAME><SUB_TYPE/><SUB_NAME/><INCLUDE_NAME/><DEVCLASS>ZISU_UE_DEV</DEVCLASS><GENFLAG/><DLVUNIT>HOME</DLVUNIT><REF_APPL_COMPONENT/><ENHTOOLTYPE>BADI_IMPL</ENHTOOLTYPE></item><item><REF_OBJ_TYPE>ENHS</REF_OBJ_TYPE><REF_OBJ_NAME>ISU_DM_SAPLIPW1</REF_OBJ_NAME><REF_SUB_TYPE/><REF_SUB_NAME/><REF_INT_TYPE/><REF_INT_NAME/><OBJ_TYPE>ENHO</OBJ_TYPE><OBJ_NAME>ZISU_DM_SAPLIPW1</OBJ_NAME><SUB_TYPE/><SUB_NAME/><INCLUDE_NAME/><DEVCLASS>ZISU_UE_DEV</DEVCLASS><GENFLAG/><DLVUNIT>HOME</DLVUNIT><REF_APPL_COMPONENT>IS-U-DM</REF_APPL_COMPONENT><ENHTOOLTYPE>BADI_IMPL</ENHTOOLTYPE></item><item><REF_OBJ_TYPE>INTF</REF_OBJ_TYPE><REF_OBJ_NAME>IF_EX_ISU_DM_SAPLIPW1</REF_OBJ_NAME><REF_SUB_TYPE/><REF_SUB_NAME/><REF_INT_TYPE/><REF_INT_NAME/><OBJ_TYPE>ENHO</OBJ_TYPE><OBJ_NAME>ZISU_DM_SAPLIPW1</OBJ_NAME><SUB_TYPE/><SUB_NAME/><INCLUDE_NAME/><DEVCLASS>ZISU_UE_DEV</DEVCLASS><GENFLAG/><DLVUNIT>HOME</DLVUNIT><REF_APPL_COMPONENT>IS-U-DM</REF_APPL_COMPONENT><ENHTOOLTYPE>BADI_IMPL</ENHTOOLTYPE></item><item><REF_OBJ_TYPE>FUGR</REF_OBJ_TYPE><REF_OBJ_NAME>MTRREADDOC</REF_OBJ_NAME><REF_SUB_TYPE>FUNC</REF_SUB_TYPE><REF_SUB_NAME>BAPI_MTRREADDOC_UPLOAD</REF_SUB_NAME><REF_INT_TYPE/><REF_INT_NAME/><OBJ_TYPE>ENHO</OBJ_TYPE><OBJ_NAME>ZISU_UE_BAPI_MTRREADDOC_UPLOAD</OBJ_NAME><SUB_TYPE/><SUB_NAME/><INCLUDE_NAME/><DEVCLASS>ZISU_UE_MDE</DEVCLASS><GENFLAG/><DLVUNIT>HOME</DLVUNIT><REF_APPL_COMPONENT>IS-U-DM-MR</REF_APPL_COMPONENT><ENHTOOLTYPE>HOOK_IMPL</ENHTOOLTYPE></item><item><REF_OBJ_TYPE>FUGR</REF_OBJ_TYPE><REF_OBJ_NAME>MTRREADDOC</REF_OBJ_NAME><REF_SUB_TYPE/><REF_SUB_NAME/><REF_INT_TYPE/><REF_INT_NAME/><OBJ_TYPE>ENHO</OBJ_TYPE><OBJ_NAME>ZISU_UE_BAPI_MTRREADDOC_UPLOAD</OBJ_NAME><SUB_TYPE/><SUB_NAME/><INCLUDE_NAME/><DEVCLASS>ZISU_UE_MDE</DEVCLASS><GENFLAG/><DLVUNIT>HOME</DLVUNIT><REF_APPL_COMPONENT>IS-U-DM-MR</REF_APPL_COMPONENT><ENHTOOLTYPE>HOOK_IMPL</ENHTOOLTYPE></item><item><REF_OBJ_TYPE>CLAS</REF_OBJ_TYPE><REF_OBJ_NAME>ZMM_CL_PROCESS_PO_CUST</REF_OBJ_NAME><REF_SUB_TYPE/><REF_SUB_NAME/><REF_INT_TYPE/><REF_INT_NAME/><OBJ_TYPE>ENHO</OBJ_TYPE><OBJ_NAME>ZMM_PROCESS_PO_CUST</OBJ_NAME><SUB_TYPE/><SUB_NAME/><INCLUDE_NAME/><DEVCLASS>ZMM_UE</DEVCLASS><GENFLAG/><DLVUNIT>HOME</DLVUNIT><REF_APPL_COMPONENT>MM</REF_APPL_COMPONENT><ENHTOOLTYPE>BADI_IMPL</ENHTOOLTYPE></item><item><REF_OBJ_TYPE>INTF</REF_OBJ_TYPE><REF_OBJ_NAME>IF_EX_ME_PROCESS_PO_CUST</REF_OBJ_NAME><REF_SUB_TYPE/><REF_SUB_NAME/><REF_INT_TYPE/><REF_INT_NAME/><OBJ_TYPE>ENHO</OBJ_TYPE><OBJ_NAME>ZMM_PROCESS_PO_CUST</OBJ_NAME><SUB_TYPE/><SUB_NAME/><INCLUDE_NAME/><DEVCLASS>ZMM_UE</DEVCLASS><GENFLAG/><DLVUNIT>HOME</DLVUNIT><REF_APPL_COMPONENT>MM-PUR</REF_APPL_COMPONENT><ENHTOOLTYPE>BADI_IMPL</ENHTOOLTYPE></item><item><REF_OBJ_TYPE>ENHS</REF_OBJ_TYPE><REF_OBJ_NAME>ES_SAPLMIGO</REF_OBJ_NAME><REF_SUB_TYPE/><REF_SUB_NAME/><REF_INT_TYPE/><REF_INT_NAME/><OBJ_TYPE>ENHO</OBJ_TYPE><OBJ_NAME>ZMM_UE_LMIGODS3</OBJ_NAME><SUB_TYPE/><SUB_NAME/><INCLUDE_NAME/><DEVCLASS>ZMM_UE</DEVCLASS><GENFLAG/><DLVUNIT>HOME</DLVUNIT><REF_APPL_COMPONENT>MM-IM</REF_APPL_COMPONENT><ENHTOOLTYPE>HOOK_IMPL</ENHTOOLTYPE></item><item><REF_OBJ_TYPE>FUGR</REF_OBJ_TYPE><REF_OBJ_NAME>MIGO</REF_OBJ_NAME><REF_SUB_TYPE/><REF_SUB_NAME/><REF_INT_TYPE/><REF_INT_NAME/><OBJ_TYPE>ENHO</OBJ_TYPE><OBJ_NAME>ZMM_UE_LMIGODS3</OBJ_NAME><SUB_TYPE/><SUB_NAME/><INCLUDE_NAME/><DEVCLASS>ZMM_UE</DEVCLASS><GENFLAG/><DLVUNIT>HOME</DLVUNIT><REF_APPL_COMPONENT>MM-IM</REF_APPL_COMPONENT><ENHTOOLTYPE>HOOK_IMPL</ENHTOOLTYPE></item><item><REF_OBJ_TYPE>FUGR</REF_OBJ_TYPE><REF_OBJ_NAME>MIGO</REF_OBJ_NAME><REF_SUB_TYPE>REPS</REF_SUB_TYPE><REF_SUB_NAME>LMIGODS3</REF_SUB_NAME><REF_INT_TYPE/><REF_INT_NAME/><OBJ_TYPE>ENHO</OBJ_TYPE><OBJ_NAME>ZMM_UE_LMIGODS3</OBJ_NAME><SUB_TYPE/><SUB_NAME/><INCLUDE_NAME/><DEVCLASS>ZMM_UE</DEVCLASS><GENFLAG/><DLVUNIT>HOME</DLVUNIT><REF_APPL_COMPONENT>MM-IM</REF_APPL_COMPONENT><ENHTOOLTYPE>HOOK_IMPL</ENHTOOLTYPE></item><item><REF_OBJ_TYPE>CLAS</REF_OBJ_TYPE><REF_OBJ_NAME>ZCL_IM__MB_DOCUMENT_01</REF_OBJ_NAME><REF_SUB_TYPE/><REF_SUB_NAME/><REF_INT_TYPE/><REF_INT_NAME/><OBJ_TYPE>ENHO</OBJ_TYPE><OBJ_NAME>Z_MB_DOCUMENT_01</OBJ_NAME><SUB_TYPE/><SUB_NAME/><INCLUDE_NAME/><DEVCLASS>ZRFAP</DEVCLASS><GENFLAG/><DLVUNIT>HOME</DLVUNIT><REF_APPL_COMPONENT/><ENHTOOLTYPE>BADI_IMPL</ENHTOOLTYPE></item><item><REF_OBJ_TYPE>INTF</REF_OBJ_TYPE><REF_OBJ_NAME>IF_EX_MB_DOCUMENT_BADI</REF_OBJ_NAME><REF_SUB_TYPE/><REF_SUB_NAME/><REF_INT_TYPE/><REF_INT_NAME/><OBJ_TYPE>ENHO</OBJ_TYPE><OBJ_NAME>Z_MB_DOCUMENT_01</OBJ_NAME><SUB_TYPE/><SUB_NAME/><INCLUDE_NAME/><DEVCLASS>ZRFAP</DEVCLASS><GENFLAG/><DLVUNIT>HOME</DLVUNIT><REF_APPL_COMPONENT>MM-IM</REF_APPL_COMPONENT><ENHTOOLTYPE>BADI_IMPL</ENHTOOLTYPE></item><item><REF_OBJ_TYPE>SXCI</REF_OBJ_TYPE><REF_OBJ_NAME>Z_MB_DOCUMENT_01</REF_OBJ_NAME><REF_SUB_TYPE/><REF_SUB_NAME/><REF_INT_TYPE/><REF_INT_NAME/><OBJ_TYPE>ENHO</OBJ_TYPE><OBJ_NAME>Z_MB_DOCUMENT_01</OBJ_NAME><SUB_TYPE/><SUB_NAME/><INCLUDE_NAME/><DEVCLASS>ZRFAP</DEVCLASS><GENFLAG/><DLVUNIT>HOME</DLVUNIT><REF_APPL_COMPONENT/><ENHTOOLTYPE>BADI_IMPL</ENHTOOLTYPE></item><item><REF_OBJ_TYPE>CLAS</REF_OBJ_TYPE><REF_OBJ_NAME>ZCL_IM__SD_DELIVERY_01</REF_OBJ_NAME><REF_SUB_TYPE/><REF_SUB_NAME/><REF_INT_TYPE/><REF_INT_NAME/><OBJ_TYPE>ENHO</OBJ_TYPE><OBJ_NAME>Z_SD_DELIVERY_01</OBJ_NAME><SUB_TYPE/><SUB_NAME/><INCLUDE_NAME/><DEVCLASS>ZRFAP</DEVCLASS><GENFLAG/><DLVUNIT>HOME</DLVUNIT><REF_APPL_COMPONENT/><ENHTOOLTYPE>BADI_IMPL</ENHTOOLTYPE></item><item><REF_OBJ_TYPE>INTF</REF_OBJ_TYPE><REF_OBJ_NAME>IF_EX_LE_SHP_DELIVERY_PROC</REF_OBJ_NAME><REF_SUB_TYPE/><REF_SUB_NAME/><REF_INT_TYPE/><REF_INT_NAME/><OBJ_TYPE>ENHO</OBJ_TYPE><OBJ_NAME>Z_SD_DELIVERY_01</OBJ_NAME><SUB_TYPE/><SUB_NAME/><INCLUDE_NAME/><DEVCLASS>ZRFAP</DEVCLASS><GENFLAG/><DLVUNIT>HOME</DLVUNIT><REF_APPL_COMPONENT>LE-SHP</REF_APPL_COMPONENT><ENHTOOLTYPE>BADI_IMPL</ENHTOOLTYPE></item><item><REF_OBJ_TYPE>SXCI</REF_OBJ_TYPE><REF_OBJ_NAME>Z_SD_DELIVERY_01</REF_OBJ_NAME><REF_SUB_TYPE/><REF_SUB_NAME/><REF_INT_TYPE/><REF_INT_NAME/><OBJ_TYPE>ENHO</OBJ_TYPE><OBJ_NAME>Z_SD_DELIVERY_01</OBJ_NAME><SUB_TYPE/><SUB_NAME/><INCLUDE_NAME/><DEVCLASS>ZRFAP</DEVCLASS><GENFLAG/><DLVUNIT>HOME</DLVUNIT><REF_APPL_COMPONENT/><ENHTOOLTYPE>BADI_IMPL</ENHTOOLTYPE></item><item><REF_OBJ_TYPE>CLAS</REF_OBJ_TYPE><REF_OBJ_NAME>Z_MBX_CL_IM_READ_ORD_ALL</REF_OBJ_NAME><REF_SUB_TYPE/><REF_SUB_NAME/><REF_INT_TYPE/><REF_INT_NAME/><OBJ_TYPE>ENHO</OBJ_TYPE><OBJ_NAME>Z_MBX_IM_READ_ORD_ALL</OBJ_NAME><SUB_TYPE/><SUB_NAME/><INCLUDE_NAME/><DEVCLASS>Z_MBX_ENH_IMPL</DEVCLASS><GENFLAG/><DLVUNIT>HOME</DLVUNIT><REF_APPL_COMPONENT/><ENHTOOLTYPE>BADI_IMPL</ENHTOOLTYPE></item><item><REF_OBJ_TYPE>INTF</REF_OBJ_TYPE><REF_OBJ_NAME>/MBX/IF_CSPM_BADI_READ_ORD_ALL</REF_OBJ_NAME><REF_SUB_TYPE/><REF_SUB_NAME/><REF_INT_TYPE/><REF_INT_NAME/><OBJ_TYPE>ENHO</OBJ_TYPE><OBJ_NAME>Z_MBX_IM_READ_ORD_ALL</OBJ_NAME><SUB_TYPE/><SUB_NAME/><INCLUDE_NAME/><DEVCLASS>Z_MBX_ENH_IMPL</DEVCLASS><GENFLAG/><DLVUNIT>HOME</DLVUNIT><REF_APPL_COMPONENT>XAP</REF_APPL_COMPONENT><ENHTOOLTYPE>BADI_IMPL</ENHTOOLTYPE></item><item><REF_OBJ_TYPE>CLAS</REF_OBJ_TYPE><REF_OBJ_NAME>Z_MBX_CL_HR_DEPARTMENTS</REF_OBJ_NAME><REF_SUB_TYPE/><REF_SUB_NAME/><REF_INT_TYPE/><REF_INT_NAME/><OBJ_TYPE>ENHO</OBJ_TYPE><OBJ_NAME>Z_MBX_HR_EH_READ_DEPARTMENTS</OBJ_NAME><SUB_TYPE/><SUB_NAME/><INCLUDE_NAME/><DEVCLASS>Z_MBX_ENH_IMPL</DEVCLASS><GENFLAG/><DLVUNIT>HOME</DLVUNIT><REF_APPL_COMPONENT/><ENHTOOLTYPE>BADI_IMPL</ENHTOOLTYPE></item><item><REF_OBJ_TYPE>INTF</REF_OBJ_TYPE><REF_OBJ_NAME>/MBX/HR_IF_READ_DEPARTMENTS</REF_OBJ_NAME><REF_SUB_TYPE/><REF_SUB_NAME/><REF_INT_TYPE/><REF_INT_NAME/><OBJ_TYPE>ENHO</OBJ_TYPE><OBJ_NAME>Z_MBX_HR_EH_READ_DEPARTMENTS</OBJ_NAME><SUB_TYPE/><SUB_NAME/><INCLUDE_NAME/><DEVCLASS>Z_MBX_ENH_IMPL</DEVCLASS><GENFLAG/><DLVUNIT>HOME</DLVUNIT><REF_APPL_COMPONENT>XAP</REF_APPL_COMPONENT><ENHTOOLTYPE>BADI_IMPL</ENHTOOLTYPE></item><item><REF_OBJ_TYPE>CLAS</REF_OBJ_TYPE><REF_OBJ_NAME>Z_MBX_CL_HR_READ_TECHNICIANS</REF_OBJ_NAME><REF_SUB_TYPE/><REF_SUB_NAME/><REF_INT_TYPE/><REF_INT_NAME/><OBJ_TYPE>ENHO</OBJ_TYPE><OBJ_NAME>Z_MBX_HR_EH_READ_TECHNICIANSHR</OBJ_NAME><SUB_TYPE/><SUB_NAME/><INCLUDE_NAME/><DEVCLASS>Z_MBX_ENH_IMPL</DEVCLASS><GENFLAG/><DLVUNIT>HOME</DLVUNIT><REF_APPL_COMPONENT/><ENHTOOLTYPE>BADI_IMPL</ENHTOOLTYPE></item><item><REF_OBJ_TYPE>ENHS</REF_OBJ_TYPE><REF_OBJ_NAME>/MBX/HR_EH_READ_TECHNICIANS_HR</REF_OBJ_NAME><REF_SUB_TYPE/><REF_SUB_NAME/><REF_INT_TYPE/><REF_INT_NAME/><OBJ_TYPE>ENHO</OBJ_TYPE><OBJ_NAME>Z_MBX_HR_EH_READ_TECHNICIANSHR</OBJ_NAME><SUB_TYPE/><SUB_NAME/><INCLUDE_NAME/><DEVCLASS>Z_MBX_ENH_IMPL</DEVCLASS><GENFLAG/><DLVUNIT>HOME</DLVUNIT><REF_APPL_COMPONENT>XAP</REF_APPL_COMPONENT><ENHTOOLTYPE>BADI_IMPL</ENHTOOLTYPE></item><item><REF_OBJ_TYPE>ENHS</REF_OBJ_TYPE><REF_OBJ_NAME>/MBX/CSPM_EH_READ_ORD_ALL</REF_OBJ_NAME><REF_SUB_TYPE/><REF_SUB_NAME/><REF_INT_TYPE/><REF_INT_NAME/><OBJ_TYPE>ENHO</OBJ_TYPE><OBJ_NAME>Z_MBX_IM_READ_ORD_ALL</OBJ_NAME><SUB_TYPE/><SUB_NAME/><INCLUDE_NAME/><DEVCLASS>Z_MBX_ENH_IMPL</DEVCLASS><GENFLAG/><DLVUNIT>HOME</DLVUNIT><REF_APPL_COMPONENT>XAP</REF_APPL_COMPONENT><ENHTOOLTYPE>BADI_IMPL</ENHTOOLTYPE></item><item><REF_OBJ_TYPE>ENHS</REF_OBJ_TYPE><REF_OBJ_NAME>/MBX/HR_EH_READ_DEPARTMENTS</REF_OBJ_NAME><REF_SUB_TYPE/><REF_SUB_NAME/><REF_INT_TYPE/><REF_INT_NAME/><OBJ_TYPE>ENHO</OBJ_TYPE><OBJ_NAME>Z_MBX_HR_EH_READ_DEPARTMENTS</OBJ_NAME><SUB_TYPE/><SUB_NAME/><INCLUDE_NAME/><DEVCLASS>Z_MBX_ENH_IMPL</DEVCLASS><GENFLAG/><DLVUNIT>HOME</DLVUNIT><REF_APPL_COMPONENT>XAP</REF_APPL_COMPONENT><ENHTOOLTYPE>BADI_IMPL</ENHTOOLTYPE></item><item><REF_OBJ_TYPE>INTF</REF_OBJ_TYPE><REF_OBJ_NAME>/MBX/HR_IF_READ_TECHNICIANS_HR</REF_OBJ_NAME><REF_SUB_TYPE/><REF_SUB_NAME/><REF_INT_TYPE/><REF_INT_NAME/><OBJ_TYPE>ENHO</OBJ_TYPE><OBJ_NAME>Z_MBX_HR_EH_READ_TECHNICIANSHR</OBJ_NAME><SUB_TYPE/><SUB_NAME/><INCLUDE_NAME/><DEVCLASS>Z_MBX_ENH_IMPL</DEVCLASS><GENFLAG/><DLVUNIT>HOME</DLVUNIT><REF_APPL_COMPONENT>XAP</REF_APPL_COMPONENT><ENHTOOLTYPE>BADI_IMPL</ENHTOOLTYPE></item><item><REF_OBJ_TYPE>CLAS</REF_OBJ_TYPE><REF_OBJ_NAME>Z_MBX_MR_CL_CSPM_EH_LOCREAD</REF_OBJ_NAME><REF_SUB_TYPE/><REF_SUB_NAME/><REF_INT_TYPE/><REF_INT_NAME/><OBJ_TYPE>ENHO</OBJ_TYPE><OBJ_NAME>Z_MBX_MR_BADI_CSPM_EH_LOCREAD</OBJ_NAME><SUB_TYPE/><SUB_NAME/><INCLUDE_NAME/><DEVCLASS>Z_MBX_ENH_IMPL</DEVCLASS><GENFLAG/><DLVUNIT>HOME</DLVUNIT><REF_APPL_COMPONENT/><ENHTOOLTYPE>BADI_IMPL</ENHTOOLTYPE></item><item><REF_OBJ_TYPE>ENHS</REF_OBJ_TYPE><REF_OBJ_NAME>/MBX/CSPM_EH_LOCREAD</REF_OBJ_NAME><REF_SUB_TYPE/><REF_SUB_NAME/><REF_INT_TYPE/><REF_INT_NAME/><OBJ_TYPE>ENHO</OBJ_TYPE><OBJ_NAME>Z_MBX_MR_BADI_CSPM_EH_LOCREAD</OBJ_NAME><SUB_TYPE/><SUB_NAME/><INCLUDE_NAME/><DEVCLASS>Z_MBX_ENH_IMPL</DEVCLASS><GENFLAG/><DLVUNIT>HOME</DLVUNIT><REF_APPL_COMPONENT>XAP</REF_APPL_COMPONENT><ENHTOOLTYPE>BADI_IMPL</ENHTOOLTYPE></item><item><REF_OBJ_TYPE>INTF</REF_OBJ_TYPE><REF_OBJ_NAME>/MBX/CSPM_IF_LOCREAD</REF_OBJ_NAME><REF_SUB_TYPE/><REF_SUB_NAME/><REF_INT_TYPE/><REF_INT_NAME/><OBJ_TYPE>ENHO</OBJ_TYPE><OBJ_NAME>Z_MBX_MR_BADI_CSPM_EH_LOCREAD</OBJ_NAME><SUB_TYPE/><SUB_NAME/><INCLUDE_NAME/><DEVCLASS>Z_MBX_ENH_IMPL</DEVCLASS><GENFLAG/><DLVUNIT>HOME</DLVUNIT><REF_APPL_COMPONENT>XAP</REF_APPL_COMPONENT><ENHTOOLTYPE>BADI_IMPL</ENHTOOLTYPE></item><item><REF_OBJ_TYPE>CLAS</REF_OBJ_TYPE><REF_OBJ_NAME>Z_MBX_CL_IM_MR_BADI_DEVA</REF_OBJ_NAME><REF_SUB_TYPE/><REF_SUB_NAME/><REF_INT_TYPE/><REF_INT_NAME/><OBJ_TYPE>ENHO</OBJ_TYPE><OBJ_NAME>Z_MBX_MR_BADI_DEVA</OBJ_NAME><SUB_TYPE/><SUB_NAME/><INCLUDE_NAME/><DEVCLASS>Z_MBX_ENH_IMPL</DEVCLASS><GENFLAG/><DLVUNIT>HOME</DLVUNIT><REF_APPL_COMPONENT/><ENHTOOLTYPE>BADI_IMPL</ENHTOOLTYPE></item><item><REF_OBJ_TYPE>ENHS</REF_OBJ_TYPE><REF_OBJ_NAME>/MBX/ES_MR_DEVA</REF_OBJ_NAME><REF_SUB_TYPE/><REF_SUB_NAME/><REF_INT_TYPE/><REF_INT_NAME/><OBJ_TYPE>ENHO</OBJ_TYPE><OBJ_NAME>Z_MBX_MR_BADI_DEVA</OBJ_NAME><SUB_TYPE/><SUB_NAME/><INCLUDE_NAME/><DEVCLASS>Z_MBX_ENH_IMPL</DEVCLASS><GENFLAG/><DLVUNIT>HOME</DLVUNIT><REF_APPL_COMPONENT>XAP</REF_APPL_COMPONENT><ENHTOOLTYPE>BADI_IMPL</ENHTOOLTYPE></item><item><REF_OBJ_TYPE>INTF</REF_OBJ_TYPE><REF_OBJ_NAME>/MBX/IF_EX_MR_DEVA_CUST_ACT</REF_OBJ_NAME><REF_SUB_TYPE/><REF_SUB_NAME/><REF_INT_TYPE/><REF_INT_NAME/><OBJ_TYPE>ENHO</OBJ_TYPE><OBJ_NAME>Z_MBX_MR_BADI_DEVA</OBJ_NAME><SUB_TYPE/><SUB_NAME/><INCLUDE_NAME/><DEVCLASS>Z_MBX_ENH_IMPL</DEVCLASS><GENFLAG/><DLVUNIT>HOME</DLVUNIT><REF_APPL_COMPONENT>XAP</REF_APPL_COMPONENT><ENHTOOLTYPE>BADI_IMPL</ENHTOOLTYPE></item><item><REF_OBJ_TYPE>CLAS</REF_OBJ_TYPE><REF_OBJ_NAME>Z_MBX_CL_IM_MRBADI_EXT_SYSTEMS</REF_OBJ_NAME><REF_SUB_TYPE/><REF_SUB_NAME/><REF_INT_TYPE/><REF_INT_NAME/><OBJ_TYPE>ENHO</OBJ_TYPE><OBJ_NAME>Z_MBX_MR_BADI_EXTERNAL_SYSTEMS</OBJ_NAME><SUB_TYPE/><SUB_NAME/><INCLUDE_NAME/><DEVCLASS>Z_MBX_ENH_IMPL</DEVCLASS><GENFLAG/><DLVUNIT>HOME</DLVUNIT><REF_APPL_COMPONENT/><ENHTOOLTYPE>BADI_IMPL</ENHTOOLTYPE></item><item><REF_OBJ_TYPE>ENHS</REF_OBJ_TYPE><REF_OBJ_NAME>/MBX/ES_MR_CONFCENTER</REF_OBJ_NAME><REF_SUB_TYPE/><REF_SUB_NAME/><REF_INT_TYPE/><REF_INT_NAME/><OBJ_TYPE>ENHO</OBJ_TYPE><OBJ_NAME>Z_MBX_MR_BADI_EXTERNAL_SYSTEMS</OBJ_NAME><SUB_TYPE/><SUB_NAME/><INCLUDE_NAME/><DEVCLASS>Z_MBX_ENH_IMPL</DEVCLASS><GENFLAG/><DLVUNIT>HOME</DLVUNIT><REF_APPL_COMPONENT>XAP</REF_APPL_COMPONENT><ENHTOOLTYPE>BADI_IMPL</ENHTOOLTYPE></item><item><REF_OBJ_TYPE>INTF</REF_OBJ_TYPE><REF_OBJ_NAME>/MBX/IF_EX_MR_CC_EXT_SYSTEMS</REF_OBJ_NAME><REF_SUB_TYPE/><REF_SUB_NAME/><REF_INT_TYPE/><REF_INT_NAME/><OBJ_TYPE>ENHO</OBJ_TYPE><OBJ_NAME>Z_MBX_MR_BADI_EXTERNAL_SYSTEMS</OBJ_NAME><SUB_TYPE/><SUB_NAME/><INCLUDE_NAME/><DEVCLASS>Z_MBX_ENH_IMPL</DEVCLASS><GENFLAG/><DLVUNIT>HOME</DLVUNIT><REF_APPL_COMPONENT>XAP</REF_APPL_COMPONENT><ENHTOOLTYPE>BADI_IMPL</ENHTOOLTYPE></item><item><REF_OBJ_TYPE>CLAS</REF_OBJ_TYPE><REF_OBJ_NAME>Z_MBX_CL_IM_MRBADI_ISUSMORDER</REF_OBJ_NAME><REF_SUB_TYPE/><REF_SUB_NAME/><REF_INT_TYPE/><REF_INT_NAME/><OBJ_TYPE>ENHO</OBJ_TYPE><OBJ_NAME>Z_MBX_MR_BADI_ISUSMORDER</OBJ_NAME><SUB_TYPE/><SUB_NAME/><INCLUDE_NAME/><DEVCLASS>Z_MBX_ENH_IMPL</DEVCLASS><GENFLAG/><DLVUNIT>HOME</DLVUNIT><REF_APPL_COMPONENT/><ENHTOOLTYPE>BADI_IMPL</ENHTOOLTYPE></item><item><REF_OBJ_TYPE>ENHS</REF_OBJ_TYPE><REF_OBJ_NAME>/MBX/ES_MR_SMORDERS</REF_OBJ_NAME><REF_SUB_TYPE/><REF_SUB_NAME/><REF_INT_TYPE/><REF_INT_NAME/><OBJ_TYPE>ENHO</OBJ_TYPE><OBJ_NAME>Z_MBX_MR_BADI_ISUSMORDER</OBJ_NAME><SUB_TYPE/><SUB_NAME/><INCLUDE_NAME/><DEVCLASS>Z_MBX_ENH_IMPL</DEVCLASS><GENFLAG/><DLVUNIT>HOME</DLVUNIT><REF_APPL_COMPONENT>XAP</REF_APPL_COMPONENT><ENHTOOLTYPE>BADI_IMPL</ENHTOOLTYPE></item><item><REF_OBJ_TYPE>INTF</REF_OBJ_TYPE><REF_OBJ_NAME>/MBX/IF_EX_MR_ISUSMORDER</REF_OBJ_NAME><REF_SUB_TYPE/><REF_SUB_NAME/><REF_INT_TYPE/><REF_INT_NAME/><OBJ_TYPE>ENHO</OBJ_TYPE><OBJ_NAME>Z_MBX_MR_BADI_ISUSMORDER</OBJ_NAME><SUB_TYPE/><SUB_NAME/><INCLUDE_NAME/><DEVCLASS>Z_MBX_ENH_IMPL</DEVCLASS><GENFLAG/><DLVUNIT>HOME</DLVUNIT><REF_APPL_COMPONENT>XAP</REF_APPL_COMPONENT><ENHTOOLTYPE>BADI_IMPL</ENHTOOLTYPE></item><item><REF_OBJ_TYPE>CLAS</REF_OBJ_TYPE><REF_OBJ_NAME>ZCL_MBX_MR_BADI_RCSF_COMPLEX</REF_OBJ_NAME><REF_SUB_TYPE/><REF_SUB_NAME/><REF_INT_TYPE/><REF_INT_NAME/><OBJ_TYPE>ENHO</OBJ_TYPE><OBJ_NAME>Z_MBX_MR_BADI_RCSF_COMPLEX</OBJ_NAME><SUB_TYPE/><SUB_NAME/><INCLUDE_NAME/><DEVCLASS>Z_MBX_ENH_IMPL</DEVCLASS><GENFLAG/><DLVUNIT>HOME</DLVUNIT><REF_APPL_COMPONENT/><ENHTOOLTYPE>BADI_IMPL</ENHTOOLTYPE></item><item><REF_OBJ_TYPE>ENHS</REF_OBJ_TYPE><REF_OBJ_NAME>/MBX/ES_MR_READ_ENH</REF_OBJ_NAME><REF_SUB_TYPE/><REF_SUB_NAME/><REF_INT_TYPE/><REF_INT_NAME/><OBJ_TYPE>ENHO</OBJ_TYPE><OBJ_NAME>Z_MBX_MR_BADI_RCSF_COMPLEX</OBJ_NAME><SUB_TYPE/><SUB_NAME/><INCLUDE_NAME/><DEVCLASS>Z_MBX_ENH_IMPL</DEVCLASS><GENFLAG/><DLVUNIT>HOME</DLVUNIT><REF_APPL_COMPONENT>XAP</REF_APPL_COMPONENT><ENHTOOLTYPE>BADI_IMPL</ENHTOOLTYPE></item><item><REF_OBJ_TYPE>INTF</REF_OBJ_TYPE><REF_OBJ_NAME>/MBX/IF_EX_MR_RCSF_COMPLEX</REF_OBJ_NAME><REF_SUB_TYPE/><REF_SUB_NAME/><REF_INT_TYPE/><REF_INT_NAME/><OBJ_TYPE>ENHO</OBJ_TYPE><OBJ_NAME>Z_MBX_MR_BADI_RCSF_COMPLEX</OBJ_NAME><SUB_TYPE/><SUB_NAME/><INCLUDE_NAME/><DEVCLASS>Z_MBX_ENH_IMPL</DEVCLASS><GENFLAG/><DLVUNIT>HOME</DLVUNIT><REF_APPL_COMPONENT>XAP</REF_APPL_COMPONENT><ENHTOOLTYPE>BADI_IMPL</ENHTOOLTYPE></item><item><REF_OBJ_TYPE>CLAS</REF_OBJ_TYPE><REF_OBJ_NAME>ZCL_MBX_MR_BADI_RCSF_METER</REF_OBJ_NAME><REF_SUB_TYPE/><REF_SUB_NAME/><REF_INT_TYPE/><REF_INT_NAME/><OBJ_TYPE>ENHO</OBJ_TYPE><OBJ_NAME>Z_MBX_MR_BADI_RCSF_METERDEVICE</OBJ_NAME><SUB_TYPE/><SUB_NAME/><INCLUDE_NAME/><DEVCLASS>Z_MBX_ENH_IMPL</DEVCLASS><GENFLAG/><DLVUNIT>HOME</DLVUNIT><REF_APPL_COMPONENT/><ENHTOOLTYPE>BADI_IMPL</ENHTOOLTYPE></item><item><REF_OBJ_TYPE>ENHS</REF_OBJ_TYPE><REF_OBJ_NAME>/MBX/ES_MR_READ_ENH</REF_OBJ_NAME><REF_SUB_TYPE/><REF_SUB_NAME/><REF_INT_TYPE/><REF_INT_NAME/><OBJ_TYPE>ENHO</OBJ_TYPE><OBJ_NAME>Z_MBX_MR_BADI_RCSF_METERDEVICE</OBJ_NAME><SUB_TYPE/><SUB_NAME/><INCLUDE_NAME/><DEVCLASS>Z_MBX_ENH_IMPL</DEVCLASS><GENFLAG/><DLVUNIT>HOME</DLVUNIT><REF_APPL_COMPONENT>XAP</REF_APPL_COMPONENT><ENHTOOLTYPE>BADI_IMPL</ENHTOOLTYPE></item><item><REF_OBJ_TYPE>INTF</REF_OBJ_TYPE><REF_OBJ_NAME>/MBX/IF_EX_MR_RCSF_METERDEVICE</REF_OBJ_NAME><REF_SUB_TYPE/><REF_SUB_NAME/><REF_INT_TYPE/><REF_INT_NAME/><OBJ_TYPE>ENHO</OBJ_TYPE><OBJ_NAME>Z_MBX_MR_BADI_RCSF_METERDEVICE</OBJ_NAME><SUB_TYPE/><SUB_NAME/><INCLUDE_NAME/><DEVCLASS>Z_MBX_ENH_IMPL</DEVCLASS><GENFLAG/><DLVUNIT>HOME</DLVUNIT><REF_APPL_COMPONENT>XAP</REF_APPL_COMPONENT><ENHTOOLTYPE>BADI_IMPL</ENHTOOLTYPE></item><item><REF_OBJ_TYPE>CLAS</REF_OBJ_TYPE><REF_OBJ_NAME>Z_MBX_CL_IM_MRBADI_REPDEF_DEAS</REF_OBJ_NAME><REF_SUB_TYPE/><REF_SUB_NAME/><REF_INT_TYPE/><REF_INT_NAME/><OBJ_TYPE>ENHO</OBJ_TYPE><OBJ_NAME>Z_MBX_MR_BADI_REPDEFAULTS</OBJ_NAME><SUB_TYPE/><SUB_NAME/><INCLUDE_NAME/><DEVCLASS>Z_MBX_ENH_IMPL</DEVCLASS><GENFLAG/><DLVUNIT>HOME</DLVUNIT><REF_APPL_COMPONENT/><ENHTOOLTYPE>BADI_IMPL</ENHTOOLTYPE></item><item><REF_OBJ_TYPE>ENHS</REF_OBJ_TYPE><REF_OBJ_NAME>/MBX/ES_MR_REPORTS_DEFAULTS</REF_OBJ_NAME><REF_SUB_TYPE/><REF_SUB_NAME/><REF_INT_TYPE/><REF_INT_NAME/><OBJ_TYPE>ENHO</OBJ_TYPE><OBJ_NAME>Z_MBX_MR_BADI_REPDEFAULTS</OBJ_NAME><SUB_TYPE/><SUB_NAME/><INCLUDE_NAME/><DEVCLASS>Z_MBX_ENH_IMPL</DEVCLASS><GENFLAG/><DLVUNIT>HOME</DLVUNIT><REF_APPL_COMPONENT>XAP</REF_APPL_COMPONENT><ENHTOOLTYPE>BADI_IMPL</ENHTOOLTYPE></item><item><REF_OBJ_TYPE>INTF</REF_OBJ_TYPE><REF_OBJ_NAME>/MBX/IF_EX_MR_BADI_REPDEF_DEAS</REF_OBJ_NAME><REF_SUB_TYPE/><REF_SUB_NAME/><REF_INT_TYPE/><REF_INT_NAME/><OBJ_TYPE>ENHO</OBJ_TYPE><OBJ_NAME>Z_MBX_MR_BADI_REPDEFAULTS</OBJ_NAME><SUB_TYPE/><SUB_NAME/><INCLUDE_NAME/><DEVCLASS>Z_MBX_ENH_IMPL</DEVCLASS><GENFLAG/><DLVUNIT>HOME</DLVUNIT><REF_APPL_COMPONENT>XAP</REF_APPL_COMPONENT><ENHTOOLTYPE>BADI_IMPL</ENHTOOLTYPE></item><item><REF_OBJ_TYPE>CLAS</REF_OBJ_TYPE><REF_OBJ_NAME>ZCL_MBX_MR_STATNOTES_FILTER</REF_OBJ_NAME><REF_SUB_TYPE/><REF_SUB_NAME/><REF_INT_TYPE/><REF_INT_NAME/><OBJ_TYPE>ENHO</OBJ_TYPE><OBJ_NAME>Z_MBX_MR_BADI_STATNOTES_FILTER</OBJ_NAME><SUB_TYPE/><SUB_NAME/><INCLUDE_NAME/><DEVCLASS>Z_MBX_ENH_IMPL</DEVCLASS><GENFLAG/><DLVUNIT>HOME</DLVUNIT><REF_APPL_COMPONENT/><ENHTOOLTYPE>BADI_IMPL</ENHTOOLTYPE></item><item><REF_OBJ_TYPE>ENHS</REF_OBJ_TYPE><REF_OBJ_NAME>/MBX/ES_MR_STATNOTES</REF_OBJ_NAME><REF_SUB_TYPE/><REF_SUB_NAME/><REF_INT_TYPE/><REF_INT_NAME/><OBJ_TYPE>ENHO</OBJ_TYPE><OBJ_NAME>Z_MBX_MR_BADI_STATNOTES_FILTER</OBJ_NAME><SUB_TYPE/><SUB_NAME/><INCLUDE_NAME/><DEVCLASS>Z_MBX_ENH_IMPL</DEVCLASS><GENFLAG/><DLVUNIT>HOME</DLVUNIT><REF_APPL_COMPONENT>XAP</REF_APPL_COMPONENT><ENHTOOLTYPE>BADI_IMPL</ENHTOOLTYPE></item><item><REF_OBJ_TYPE>INTF</REF_OBJ_TYPE><REF_OBJ_NAME>/MBX/IF_EX_MR_STATNOTE_FILTER</REF_OBJ_NAME><REF_SUB_TYPE/><REF_SUB_NAME/><REF_INT_TYPE/><REF_INT_NAME/><OBJ_TYPE>ENHO</OBJ_TYPE><OBJ_NAME>Z_MBX_MR_BADI_STATNOTES_FILTER</OBJ_NAME><SUB_TYPE/><SUB_NAME/><INCLUDE_NAME/><DEVCLASS>Z_MBX_ENH_IMPL</DEVCLASS><GENFLAG/><DLVUNIT>HOME</DLVUNIT><REF_APPL_COMPONENT>XAP</REF_APPL_COMPONENT><ENHTOOLTYPE>BADI_IMPL</ENHTOOLTYPE></item><item><REF_OBJ_TYPE>CLAS</REF_OBJ_TYPE><REF_OBJ_NAME>ZCL_MBX_MR_RDOC_CUSTOMFILTER</REF_OBJ_NAME><REF_SUB_TYPE/><REF_SUB_NAME/><REF_INT_TYPE/><REF_INT_NAME/><OBJ_TYPE>ENHO</OBJ_TYPE><OBJ_NAME>Z_MBX_MR_RDOC_CUSTOMFILTER</OBJ_NAME><SUB_TYPE/><SUB_NAME/><INCLUDE_NAME/><DEVCLASS>Z_MBX_ENH_IMPL</DEVCLASS><GENFLAG/><DLVUNIT>HOME</DLVUNIT><REF_APPL_COMPONENT/><ENHTOOLTYPE>BADI_IMPL</ENHTOOLTYPE></item><item><REF_OBJ_TYPE>ENHS</REF_OBJ_TYPE><REF_OBJ_NAME>/MBX/ES_MR_RDOC_ERROR</REF_OBJ_NAME><REF_SUB_TYPE/><REF_SUB_NAME/><REF_INT_TYPE/><REF_INT_NAME/><OBJ_TYPE>ENHO</OBJ_TYPE><OBJ_NAME>Z_MBX_MR_RDOC_CUSTOMFILTER</OBJ_NAME><SUB_TYPE/><SUB_NAME/><INCLUDE_NAME/><DEVCLASS>Z_MBX_ENH_IMPL</DEVCLASS><GENFLAG/><DLVUNIT>HOME</DLVUNIT><REF_APPL_COMPONENT>XAP</REF_APPL_COMPONENT><ENHTOOLTYPE>BADI_IMPL</ENHTOOLTYPE></item><item><REF_OBJ_TYPE>INTF</REF_OBJ_TYPE><REF_OBJ_NAME>/MBX/IF_EX_MR_RDOC_CUSTFILTER</REF_OBJ_NAME><REF_SUB_TYPE/><REF_SUB_NAME/><REF_INT_TYPE/><REF_INT_NAME/><OBJ_TYPE>ENHO</OBJ_TYPE><OBJ_NAME>Z_MBX_MR_RDOC_CUSTOMFILTER</OBJ_NAME><SUB_TYPE/><SUB_NAME/><INCLUDE_NAME/><DEVCLASS>Z_MBX_ENH_IMPL</DEVCLASS><GENFLAG/><DLVUNIT>HOME</DLVUNIT><REF_APPL_COMPONENT>XAP</REF_APPL_COMPONENT><ENHTOOLTYPE>BADI_IMPL</ENHTOOLTYPE></item><item><REF_OBJ_TYPE>CLAS</REF_OBJ_TYPE><REF_OBJ_NAME>ZCL_MBX_MR_IM_BADI_CC_AUTOBOOK</REF_OBJ_NAME><REF_SUB_TYPE/><REF_SUB_NAME/><REF_INT_TYPE/><REF_INT_NAME/><OBJ_TYPE>ENHO</OBJ_TYPE><OBJ_NAME>Z_MBX_MR_EH_CC_AUTOBOOK</OBJ_NAME><SUB_TYPE/><SUB_NAME/><INCLUDE_NAME/><DEVCLASS>Z_MBX_ENH_IMPL</DEVCLASS><GENFLAG/><DLVUNIT>HOME</DLVUNIT><REF_APPL_COMPONENT/><ENHTOOLTYPE>BADI_IMPL</ENHTOOLTYPE></item><item><REF_OBJ_TYPE>ENHS</REF_OBJ_TYPE><REF_OBJ_NAME>/MBX/ES_MR_CONFCENTER</REF_OBJ_NAME><REF_SUB_TYPE/><REF_SUB_NAME/><REF_INT_TYPE/><REF_INT_NAME/><OBJ_TYPE>ENHO</OBJ_TYPE><OBJ_NAME>Z_MBX_MR_EH_CC_AUTOBOOK</OBJ_NAME><SUB_TYPE/><SUB_NAME/><INCLUDE_NAME/><DEVCLASS>Z_MBX_ENH_IMPL</DEVCLASS><GENFLAG/><DLVUNIT>HOME</DLVUNIT><REF_APPL_COMPONENT>XAP</REF_APPL_COMPONENT><ENHTOOLTYPE>BADI_IMPL</ENHTOOLTYPE></item><item><REF_OBJ_TYPE>INTF</REF_OBJ_TYPE><REF_OBJ_NAME>/MBX/IF_EX_MR_CC_AUTOBOOK</REF_OBJ_NAME><REF_SUB_TYPE/><REF_SUB_NAME/><REF_INT_TYPE/><REF_INT_NAME/><OBJ_TYPE>ENHO</OBJ_TYPE><OBJ_NAME>Z_MBX_MR_EH_CC_AUTOBOOK</OBJ_NAME><SUB_TYPE/><SUB_NAME/><INCLUDE_NAME/><DEVCLASS>Z_MBX_ENH_IMPL</DEVCLASS><GENFLAG/><DLVUNIT>HOME</DLVUNIT><REF_APPL_COMPONENT>XAP</REF_APPL_COMPONENT><ENHTOOLTYPE>BADI_IMPL</ENHTOOLTYPE></item><item><REF_OBJ_TYPE>CLAS</REF_OBJ_TYPE><REF_OBJ_NAME>Z_MBX_CL_IM_MR_BADI_SH_VALUES</REF_OBJ_NAME><REF_SUB_TYPE/><REF_SUB_NAME/><REF_INT_TYPE/><REF_INT_NAME/><OBJ_TYPE>ENHO</OBJ_TYPE><OBJ_NAME>Z_MBX_MR_BADI_SH_VALUES</OBJ_NAME><SUB_TYPE/><SUB_NAME/><INCLUDE_NAME/><DEVCLASS>Z_MBX_ENH_IMPL</DEVCLASS><GENFLAG/><DLVUNIT>HOME</DLVUNIT><REF_APPL_COMPONENT/><ENHTOOLTYPE>BADI_IMPL</ENHTOOLTYPE></item><item><REF_OBJ_TYPE>ENHS</REF_OBJ_TYPE><REF_OBJ_NAME>/MBX/ES_MR_CONFCENTER</REF_OBJ_NAME><REF_SUB_TYPE/><REF_SUB_NAME/><REF_INT_TYPE/><REF_INT_NAME/><OBJ_TYPE>ENHO</OBJ_TYPE><OBJ_NAME>Z_MBX_MR_BADI_SH_VALUES</OBJ_NAME><SUB_TYPE/><SUB_NAME/><INCLUDE_NAME/><DEVCLASS>Z_MBX_ENH_IMPL</DEVCLASS><GENFLAG/><DLVUNIT>HOME</DLVUNIT><REF_APPL_COMPONENT>XAP</REF_APPL_COMPONENT><ENHTOOLTYPE>BADI_IMPL</ENHTOOLTYPE></item><item><REF_OBJ_TYPE>INTF</REF_OBJ_TYPE><REF_OBJ_NAME>/MBX/IF_EX_MR_CC_SH_VALUES</REF_OBJ_NAME><REF_SUB_TYPE/><REF_SUB_NAME/><REF_INT_TYPE/><REF_INT_NAME/><OBJ_TYPE>ENHO</OBJ_TYPE><OBJ_NAME>Z_MBX_MR_BADI_SH_VALUES</OBJ_NAME><SUB_TYPE/><SUB_NAME/><INCLUDE_NAME/><DEVCLASS>Z_MBX_ENH_IMPL</DEVCLASS><GENFLAG/><DLVUNIT>HOME</DLVUNIT><REF_APPL_COMPONENT>XAP</REF_APPL_COMPONENT><ENHTOOLTYPE>BADI_IMPL</ENHTOOLTYPE></item><item><REF_OBJ_TYPE>CLAS</REF_OBJ_TYPE><REF_OBJ_NAME>Z_MBX_CL_IM_MR_DOMAIN</REF_OBJ_NAME><REF_SUB_TYPE/><REF_SUB_NAME/><REF_INT_TYPE/><REF_INT_NAME/><OBJ_TYPE>ENHO</OBJ_TYPE><OBJ_NAME>Z_MBX_MR_DOMAIN</OBJ_NAME><SUB_TYPE/><SUB_NAME/><INCLUDE_NAME/><DEVCLASS>Z_MBX_ENH_IMPL</DEVCLASS><GENFLAG/><DLVUNIT>HOME</DLVUNIT><REF_APPL_COMPONENT/><ENHTOOLTYPE>BADI_IMPL</ENHTOOLTYPE></item><item><REF_OBJ_TYPE>ENHS</REF_OBJ_TYPE><REF_OBJ_NAME>/MBX/ES_MR_DOMAIN</REF_OBJ_NAME><REF_SUB_TYPE/><REF_SUB_NAME/><REF_INT_TYPE/><REF_INT_NAME/><OBJ_TYPE>ENHO</OBJ_TYPE><OBJ_NAME>Z_MBX_MR_DOMAIN</OBJ_NAME><SUB_TYPE/><SUB_NAME/><INCLUDE_NAME/><DEVCLASS>Z_MBX_ENH_IMPL</DEVCLASS><GENFLAG/><DLVUNIT>HOME</DLVUNIT><REF_APPL_COMPONENT>XAP</REF_APPL_COMPONENT><ENHTOOLTYPE>BADI_IMPL</ENHTOOLTYPE></item><item><REF_OBJ_TYPE>INTF</REF_OBJ_TYPE><REF_OBJ_NAME>/MBX/IF_EX_MR_DOMAIN</REF_OBJ_NAME><REF_SUB_TYPE/><REF_SUB_NAME/><REF_INT_TYPE/><REF_INT_NAME/><OBJ_TYPE>ENHO</OBJ_TYPE><OBJ_NAME>Z_MBX_MR_DOMAIN</OBJ_NAME><SUB_TYPE/><SUB_NAME/><INCLUDE_NAME/><DEVCLASS>Z_MBX_ENH_IMPL</DEVCLASS><GENFLAG/><DLVUNIT>HOME</DLVUNIT><REF_APPL_COMPONENT>XAP</REF_APPL_COMPONENT><ENHTOOLTYPE>BADI_IMPL</ENHTOOLTYPE></item><item><REF_OBJ_TYPE>CLAS</REF_OBJ_TYPE><REF_OBJ_NAME>Z_CL_IDFI_CGI_DMEE</REF_OBJ_NAME><REF_SUB_TYPE/><REF_SUB_NAME/><REF_INT_TYPE/><REF_INT_NAME/><OBJ_TYPE>ENHO</OBJ_TYPE><OBJ_NAME>Z_IDFI_CGI_DMEE_COUNTRIES_CH</OBJ_NAME><SUB_TYPE/><SUB_NAME/><INCLUDE_NAME/><DEVCLASS>ZFICA_PAY</DEVCLASS><GENFLAG/><DLVUNIT>HOME</DLVUNIT><REF_APPL_COMPONENT>FI-CA</REF_APPL_COMPONENT><ENHTOOLTYPE>BADI_IMPL</ENHTOOLTYPE></item><item><REF_OBJ_TYPE>CLAS</REF_OBJ_TYPE><REF_OBJ_NAME>CL_DMEE_PAYM_UT</REF_OBJ_NAME><REF_SUB_TYPE>METH</REF_SUB_TYPE><REF_SUB_NAME>CL_DMEE_PAYM_UT               NATION_CRED_DETAILS_GET</REF_SUB_NAME><REF_INT_TYPE/><REF_INT_NAME/><OBJ_TYPE>ENHO</OBJ_TYPE><OBJ_NAME>Z_ENH_DMEE_PAYM_UT_PCD_GET</OBJ_NAME><SUB_TYPE/><SUB_NAME/><INCLUDE_NAME/><DEVCLASS>ZFI_ID-DMEE_ENH</DEVCLASS><GENFLAG/><DLVUNIT>HOME</DLVUNIT><REF_APPL_COMPONENT>FI-LOC-DME</REF_APPL_COMPONENT><ENHTOOLTYPE>HOOK_IMPL</ENHTOOLTYPE></item><item><REF_OBJ_TYPE>ENHS</REF_OBJ_TYPE><REF_OBJ_NAME>ME_PROCESS_PO_CUST</REF_OBJ_NAME><REF_SUB_TYPE/><REF_SUB_NAME/><REF_INT_TYPE/><REF_INT_NAME/><OBJ_TYPE>ENHO</OBJ_TYPE><OBJ_NAME>ZMM_PROCESS_PO_CUST</OBJ_NAME><SUB_TYPE/><SUB_NAME/><INCLUDE_NAME/><DEVCLASS>ZMM_UE</DEVCLASS><GENFLAG/><DLVUNIT>HOME</DLVUNIT><REF_APPL_COMPONENT>MM-PUR</REF_APPL_COMPONENT><ENHTOOLTYPE>BADI_IMPL</ENHTOOLTYPE></item><item><REF_OBJ_TYPE>ENHS</REF_OBJ_TYPE><REF_OBJ_NAME>MB_GOODSMOVEMENT</REF_OBJ_NAME><REF_SUB_TYPE/><REF_SUB_NAME/><REF_INT_TYPE/><REF_INT_NAME/><OBJ_TYPE>ENHO</OBJ_TYPE><OBJ_NAME>Z_MB_DOCUMENT_01</OBJ_NAME><SUB_TYPE/><SUB_NAME/><INCLUDE_NAME/><DEVCLASS>ZRFAP</DEVCLASS><GENFLAG/><DLVUNIT>HOME</DLVUNIT><REF_APPL_COMPONENT>MM-IM</REF_APPL_COMPONENT><ENHTOOLTYPE>BADI_IMPL</ENHTOOLTYPE></item><item><REF_OBJ_TYPE>ENHS</REF_OBJ_TYPE><REF_OBJ_NAME>LE_SHP_DELIVERY_PROC</REF_OBJ_NAME><REF_SUB_TYPE/><REF_SUB_NAME/><REF_INT_TYPE/><REF_INT_NAME/><OBJ_TYPE>ENHO</OBJ_TYPE><OBJ_NAME>Z_SD_DELIVERY_01</OBJ_NAME><SUB_TYPE/><SUB_NAME/><INCLUDE_NAME/><DEVCLASS>ZRFAP</DEVCLASS><GENFLAG/><DLVUNIT>HOME</DLVUNIT><REF_APPL_COMPONENT>LE-SHP</REF_APPL_COMPONENT><ENHTOOLTYPE>BADI_IMPL</ENHTOOLTYPE></item><item><REF_OBJ_TYPE>ENHS</REF_OBJ_TYPE><REF_OBJ_NAME>ES_IDFI_CGI_DMEE</REF_OBJ_NAME><REF_SUB_TYPE/><REF_SUB_NAME/><REF_INT_TYPE/><REF_INT_NAME/><OBJ_TYPE>ENHO</OBJ_TYPE><OBJ_NAME>Z_IDFI_CGI_DMEE_COUNTRIES_CH</OBJ_NAME><SUB_TYPE/><SUB_NAME/><INCLUDE_NAME/><DEVCLASS>ZFICA_PAY</DEVCLASS><GENFLAG/><DLVUNIT>HOME</DLVUNIT><REF_APPL_COMPONENT>FI-AP-AP-B1</REF_APPL_COMPONENT><ENHTOOLTYPE>BADI_IMPL</ENHTOOLTYPE></item><item><REF_OBJ_TYPE>INTF</REF_OBJ_TYPE><REF_OBJ_NAME>IF_IDFI_CGI_DMEE_COUNTRIES</REF_OBJ_NAME><REF_SUB_TYPE/><REF_SUB_NAME/><REF_INT_TYPE/><REF_INT_NAME/><OBJ_TYPE>ENHO</OBJ_TYPE><OBJ_NAME>Z_IDFI_CGI_DMEE_COUNTRIES_CH</OBJ_NAME><SUB_TYPE/><SUB_NAME/><INCLUDE_NAME/><DEVCLASS>ZFICA_PAY</DEVCLASS><GENFLAG/><DLVUNIT>HOME</DLVUNIT><REF_APPL_COMPONENT>FI-AP-AP-B1</REF_APPL_COMPONENT><ENHTOOLTYPE>BADI_IMPL</ENHTOOLTYPE></item><item><REF_OBJ_TYPE>CLAS</REF_OBJ_TYPE><REF_OBJ_NAME>CL_DMEE_PAYM_UT</REF_OBJ_NAME><REF_SUB_TYPE/><REF_SUB_NAME/><REF_INT_TYPE/><REF_INT_NAME/><OBJ_TYPE>ENHO</OBJ_TYPE><OBJ_NAME>Z_ENH_DMEE_PAYM_UT_PCD_GET</OBJ_NAME><SUB_TYPE/><SUB_NAME/><INCLUDE_NAME/><DEVCLASS>ZFI_ID-DMEE_ENH</DEVCLASS><GENFLAG/><DLVUNIT>HOME</DLVUNIT><REF_APPL_COMPONENT>FI-LOC-DME</REF_APPL_COMPONENT><ENHTOOLTYPE>HOOK_IMPL</ENHTOOLTYPE></item></ENH_DATA></asx:values></asx:abap>