<?xml version="1.0" encoding="utf-8"?><asx:abap version="1.0" xmlns:asx="http://www.sap.com/abapxml"><asx:values><REL_STACK><SYCM_REL_STACK><RELEASE_ID>S4HANA_READINESS_2021</RELEASE_ID><SOFTWARE_COMPONENT>SAP_HRCFR</SOFTWARE_COMPONENT><SAPRELEASE>608</SAPRELEASE><PATCH_LEVEL>0091</PATCH_LEVEL></SYCM_REL_STACK><SYCM_REL_STACK><RELEASE_ID>S4HANA_READINESS_2021</RELEASE_ID><SOFTWARE_COMPONENT>SAP_HRCGB</SOFTWARE_COMPONENT><SAPRELEASE>608</SAPRELEASE><PATCH_LEVEL>0091</PATCH_LEVEL></SYCM_REL_STACK><SYCM_REL_STACK><RELEASE_ID>S4HANA_READINESS_2021</RELEASE_ID><SOFTWARE_COMPONENT>SAP_HRCGR</SOFTWARE_COMPONENT><SAPRELEASE>608</SAPRELEASE><PATCH_LEVEL>0091</PATCH_LEVEL></SYCM_REL_STACK><SYCM_REL_STACK><RELEASE_ID>S4HANA_READINESS_2021</RELEASE_ID><SOFTWARE_COMPONENT>SAP_HRCHK</SOFTWARE_COMPONENT><SAPRELEASE>608</SAPRELEASE><PATCH_LEVEL>0091</PATCH_LEVEL></SYCM_REL_STACK><SYCM_REL_STACK><RELEASE_ID>S4HANA_READINESS_2021</RELEASE_ID><SOFTWARE_COMPONENT>SAP_HRCHR</SOFTWARE_COMPONENT><SAPRELEASE>608</SAPRELEASE><PATCH_LEVEL>0091</PATCH_LEVEL></SYCM_REL_STACK><SYCM_REL_STACK><RELEASE_ID>S4HANA_READINESS_2021</RELEASE_ID><SOFTWARE_COMPONENT>SAP_HRCHU</SOFTWARE_COMPONENT><SAPRELEASE>608</SAPRELEASE><PATCH_LEVEL>0091</PATCH_LEVEL></SYCM_REL_STACK><SYCM_REL_STACK><RELEASE_ID>S4HANA_READINESS_2021</RELEASE_ID><SOFTWARE_COMPONENT>SAP_HRCID</SOFTWARE_COMPONENT><SAPRELEASE>608</SAPRELEASE><PATCH_LEVEL>0091</PATCH_LEVEL></SYCM_REL_STACK><SYCM_REL_STACK><RELEASE_ID>S4HANA_READINESS_2021</RELEASE_ID><SOFTWARE_COMPONENT>SAP_HRCIE</SOFTWARE_COMPONENT><SAPRELEASE>608</SAPRELEASE><PATCH_LEVEL>0091</PATCH_LEVEL></SYCM_REL_STACK><SYCM_REL_STACK><RELEASE_ID>S4HANA_READINESS_2021</RELEASE_ID><SOFTWARE_COMPONENT>SAP_HRCIN</SOFTWARE_COMPONENT><SAPRELEASE>608</SAPRELEASE><PATCH_LEVEL>0091</PATCH_LEVEL></SYCM_REL_STACK><SYCM_REL_STACK><RELEASE_ID>S4HANA_READINESS_2021</RELEASE_ID><SOFTWARE_COMPONENT>SAP_HRCIT</SOFTWARE_COMPONENT><SAPRELEASE>608</SAPRELEASE><PATCH_LEVEL>0091</PATCH_LEVEL></SYCM_REL_STACK><SYCM_REL_STACK><RELEASE_ID>S4HANA_READINESS_2021</RELEASE_ID><SOFTWARE_COMPONENT>SAP_HRCJP</SOFTWARE_COMPONENT><SAPRELEASE>608</SAPRELEASE><PATCH_LEVEL>0091</PATCH_LEVEL></SYCM_REL_STACK><SYCM_REL_STACK><RELEASE_ID>S4HANA_READINESS_2021</RELEASE_ID><SOFTWARE_COMPONENT>SAP_HRCKR</SOFTWARE_COMPONENT><SAPRELEASE>608</SAPRELEASE><PATCH_LEVEL>0091</PATCH_LEVEL></SYCM_REL_STACK><SYCM_REL_STACK><RELEASE_ID>S4HANA_READINESS_2021</RELEASE_ID><SOFTWARE_COMPONENT>SAP_HRCKW</SOFTWARE_COMPONENT><SAPRELEASE>608</SAPRELEASE><PATCH_LEVEL>0091</PATCH_LEVEL></SYCM_REL_STACK><SYCM_REL_STACK><RELEASE_ID>S4HANA_READINESS_2021</RELEASE_ID><SOFTWARE_COMPONENT>SAP_HRCKZ</SOFTWARE_COMPONENT><SAPRELEASE>608</SAPRELEASE><PATCH_LEVEL>0091</PATCH_LEVEL></SYCM_REL_STACK><SYCM_REL_STACK><RELEASE_ID>S4HANA_READINESS_2021</RELEASE_ID><SOFTWARE_COMPONENT>SAP_HRCMX</SOFTWARE_COMPONENT><SAPRELEASE>608</SAPRELEASE><PATCH_LEVEL>0091</PATCH_LEVEL></SYCM_REL_STACK><SYCM_REL_STACK><RELEASE_ID>S4HANA_READINESS_2021</RELEASE_ID><SOFTWARE_COMPONENT>SAP_HRCMY</SOFTWARE_COMPONENT><SAPRELEASE>608</SAPRELEASE><PATCH_LEVEL>0091</PATCH_LEVEL></SYCM_REL_STACK><SYCM_REL_STACK><RELEASE_ID>S4HANA_READINESS_2021</RELEASE_ID><SOFTWARE_COMPONENT>SAP_HRCNL</SOFTWARE_COMPONENT><SAPRELEASE>608</SAPRELEASE><PATCH_LEVEL>0091</PATCH_LEVEL></SYCM_REL_STACK><SYCM_REL_STACK><RELEASE_ID>S4HANA_READINESS_2021</RELEASE_ID><SOFTWARE_COMPONENT>SAP_HRCNO</SOFTWARE_COMPONENT><SAPRELEASE>608</SAPRELEASE><PATCH_LEVEL>0091</PATCH_LEVEL></SYCM_REL_STACK><SYCM_REL_STACK><RELEASE_ID>S4HANA_READINESS_2021</RELEASE_ID><SOFTWARE_COMPONENT>SAP_HRCNZ</SOFTWARE_COMPONENT><SAPRELEASE>608</SAPRELEASE><PATCH_LEVEL>0091</PATCH_LEVEL></SYCM_REL_STACK><SYCM_REL_STACK><RELEASE_ID>S4HANA_READINESS_2021</RELEASE_ID><SOFTWARE_COMPONENT>SAP_HRCOM</SOFTWARE_COMPONENT><SAPRELEASE>608</SAPRELEASE><PATCH_LEVEL>0091</PATCH_LEVEL></SYCM_REL_STACK><SYCM_REL_STACK><RELEASE_ID>S4HANA_READINESS_2021</RELEASE_ID><SOFTWARE_COMPONENT>SAP_HRCPH</SOFTWARE_COMPONENT><SAPRELEASE>608</SAPRELEASE><PATCH_LEVEL>0091</PATCH_LEVEL></SYCM_REL_STACK><SYCM_REL_STACK><RELEASE_ID>S4HANA_READINESS_2021</RELEASE_ID><SOFTWARE_COMPONENT>SAP_HRCPL</SOFTWARE_COMPONENT><SAPRELEASE>608</SAPRELEASE><PATCH_LEVEL>0091</PATCH_LEVEL></SYCM_REL_STACK><SYCM_REL_STACK><RELEASE_ID>S4HANA_READINESS_2021</RELEASE_ID><SOFTWARE_COMPONENT>SAP_HRCPT</SOFTWARE_COMPONENT><SAPRELEASE>608</SAPRELEASE><PATCH_LEVEL>0091</PATCH_LEVEL></SYCM_REL_STACK><SYCM_REL_STACK><RELEASE_ID>S4HANA_READINESS_2021</RELEASE_ID><SOFTWARE_COMPONENT>SAP_HRCQA</SOFTWARE_COMPONENT><SAPRELEASE>608</SAPRELEASE><PATCH_LEVEL>0091</PATCH_LEVEL></SYCM_REL_STACK><SYCM_REL_STACK><RELEASE_ID>S4HANA_READINESS_2021</RELEASE_ID><SOFTWARE_COMPONENT>SAP_HRCRO</SOFTWARE_COMPONENT><SAPRELEASE>608</SAPRELEASE><PATCH_LEVEL>0091</PATCH_LEVEL></SYCM_REL_STACK><SYCM_REL_STACK><RELEASE_ID>S4HANA_READINESS_2021</RELEASE_ID><SOFTWARE_COMPONENT>SAP_HRCRU</SOFTWARE_COMPONENT><SAPRELEASE>608</SAPRELEASE><PATCH_LEVEL>0091</PATCH_LEVEL></SYCM_REL_STACK><SYCM_REL_STACK><RELEASE_ID>S4HANA_READINESS_2021</RELEASE_ID><SOFTWARE_COMPONENT>SAP_HRCSA</SOFTWARE_COMPONENT><SAPRELEASE>608</SAPRELEASE><PATCH_LEVEL>0091</PATCH_LEVEL></SYCM_REL_STACK><SYCM_REL_STACK><RELEASE_ID>S4HANA_READINESS_2021</RELEASE_ID><SOFTWARE_COMPONENT>SAP_HRCSE</SOFTWARE_COMPONENT><SAPRELEASE>608</SAPRELEASE><PATCH_LEVEL>0091</PATCH_LEVEL></SYCM_REL_STACK><SYCM_REL_STACK><RELEASE_ID>S4HANA_READINESS_2021</RELEASE_ID><SOFTWARE_COMPONENT>SAP_HRCSG</SOFTWARE_COMPONENT><SAPRELEASE>608</SAPRELEASE><PATCH_LEVEL>0091</PATCH_LEVEL></SYCM_REL_STACK><SYCM_REL_STACK><RELEASE_ID>S4HANA_READINESS_2021</RELEASE_ID><SOFTWARE_COMPONENT>SAP_HRCSI</SOFTWARE_COMPONENT><SAPRELEASE>608</SAPRELEASE><PATCH_LEVEL>0091</PATCH_LEVEL></SYCM_REL_STACK><SYCM_REL_STACK><RELEASE_ID>S4HANA_READINESS_2021</RELEASE_ID><SOFTWARE_COMPONENT>SAP_HRCSK</SOFTWARE_COMPONENT><SAPRELEASE>608</SAPRELEASE><PATCH_LEVEL>0091</PATCH_LEVEL></SYCM_REL_STACK><SYCM_REL_STACK><RELEASE_ID>S4HANA_READINESS_2021</RELEASE_ID><SOFTWARE_COMPONENT>SAP_HRCTH</SOFTWARE_COMPONENT><SAPRELEASE>608</SAPRELEASE><PATCH_LEVEL>0091</PATCH_LEVEL></SYCM_REL_STACK><SYCM_REL_STACK><RELEASE_ID>S4HANA_READINESS_2021</RELEASE_ID><SOFTWARE_COMPONENT>SAP_HRCTR</SOFTWARE_COMPONENT><SAPRELEASE>608</SAPRELEASE><PATCH_LEVEL>0091</PATCH_LEVEL></SYCM_REL_STACK><SYCM_REL_STACK><RELEASE_ID>S4HANA_READINESS_2021</RELEASE_ID><SOFTWARE_COMPONENT>SAP_HRCTW</SOFTWARE_COMPONENT><SAPRELEASE>608</SAPRELEASE><PATCH_LEVEL>0091</PATCH_LEVEL></SYCM_REL_STACK><SYCM_REL_STACK><RELEASE_ID>S4HANA_READINESS_2021</RELEASE_ID><SOFTWARE_COMPONENT>SAP_HRCUA</SOFTWARE_COMPONENT><SAPRELEASE>608</SAPRELEASE><PATCH_LEVEL>0091</PATCH_LEVEL></SYCM_REL_STACK><SYCM_REL_STACK><RELEASE_ID>S4HANA_READINESS_2021</RELEASE_ID><SOFTWARE_COMPONENT>SAP_HRCUN</SOFTWARE_COMPONENT><SAPRELEASE>608</SAPRELEASE><PATCH_LEVEL>0091</PATCH_LEVEL></SYCM_REL_STACK><SYCM_REL_STACK><RELEASE_ID>S4HANA_READINESS_2021</RELEASE_ID><SOFTWARE_COMPONENT>SAP_HRCUS</SOFTWARE_COMPONENT><SAPRELEASE>608</SAPRELEASE><PATCH_LEVEL>0091</PATCH_LEVEL></SYCM_REL_STACK><SYCM_REL_STACK><RELEASE_ID>S4HANA_READINESS_2021</RELEASE_ID><SOFTWARE_COMPONENT>SAP_HRCVE</SOFTWARE_COMPONENT><SAPRELEASE>608</SAPRELEASE><PATCH_LEVEL>0091</PATCH_LEVEL></SYCM_REL_STACK><SYCM_REL_STACK><RELEASE_ID>S4HANA_READINESS_2021</RELEASE_ID><SOFTWARE_COMPONENT>SAP_HRCZA</SOFTWARE_COMPONENT><SAPRELEASE>608</SAPRELEASE><PATCH_LEVEL>0091</PATCH_LEVEL></SYCM_REL_STACK><SYCM_REL_STACK><RELEASE_ID>S4HANA_READINESS_2021</RELEASE_ID><SOFTWARE_COMPONENT>SAP_HRGXX</SOFTWARE_COMPONENT><SAPRELEASE>608</SAPRELEASE><PATCH_LEVEL>0091</PATCH_LEVEL></SYCM_REL_STACK><SYCM_REL_STACK><RELEASE_ID>S4HANA_READINESS_2021</RELEASE_ID><SOFTWARE_COMPONENT>SAP_HRRXX</SOFTWARE_COMPONENT><SAPRELEASE>608</SAPRELEASE><PATCH_LEVEL>0091</PATCH_LEVEL></SYCM_REL_STACK><SYCM_REL_STACK><RELEASE_ID>S4HANA_READINESS_2021</RELEASE_ID><SOFTWARE_COMPONENT>SAP_UI</SOFTWARE_COMPONENT><SAPRELEASE>756</SAPRELEASE><PATCH_LEVEL>0000</PATCH_LEVEL></SYCM_REL_STACK><SYCM_REL_STACK><RELEASE_ID>S4HANA_READINESS_2021</RELEASE_ID><SOFTWARE_COMPONENT>ST-A/PI</SOFTWARE_COMPONENT><SAPRELEASE>01U_731</SAPRELEASE><PATCH_LEVEL>0001</PATCH_LEVEL></SYCM_REL_STACK><SYCM_REL_STACK><RELEASE_ID>S4HANA_READINESS_2021</RELEASE_ID><SOFTWARE_COMPONENT>ST-PI</SOFTWARE_COMPONENT><SAPRELEASE>740</SAPRELEASE><PATCH_LEVEL>0014</PATCH_LEVEL></SYCM_REL_STACK><SYCM_REL_STACK><RELEASE_ID>S4HANA_READINESS_1610</RELEASE_ID><SOFTWARE_COMPONENT>EA-FINSERV</SOFTWARE_COMPONENT><SAPRELEASE>800</SAPRELEASE><PATCH_LEVEL>0002</PATCH_LEVEL></SYCM_REL_STACK><SYCM_REL_STACK><RELEASE_ID>S4HANA_READINESS_1709</RELEASE_ID><SOFTWARE_COMPONENT>EA-FINSERV</SOFTWARE_COMPONENT><SAPRELEASE>800</SAPRELEASE><PATCH_LEVEL>0002</PATCH_LEVEL></SYCM_REL_STACK><SYCM_REL_STACK><RELEASE_ID>S4HANA_READINESS_1809</RELEASE_ID><SOFTWARE_COMPONENT>EA-FINSERV</SOFTWARE_COMPONENT><SAPRELEASE>800</SAPRELEASE><PATCH_LEVEL>0002</PATCH_LEVEL></SYCM_REL_STACK><SYCM_REL_STACK><RELEASE_ID>S4HANA_READINESS_1909</RELEASE_ID><SOFTWARE_COMPONENT>EA-FINSERV</SOFTWARE_COMPONENT><SAPRELEASE>800</SAPRELEASE><PATCH_LEVEL>0002</PATCH_LEVEL></SYCM_REL_STACK><SYCM_REL_STACK><RELEASE_ID>S4HANA_READINESS_2020</RELEASE_ID><SOFTWARE_COMPONENT>EA-FINSERV</SOFTWARE_COMPONENT><SAPRELEASE>800</SAPRELEASE><PATCH_LEVEL>0002</PATCH_LEVEL></SYCM_REL_STACK><SYCM_REL_STACK><RELEASE_ID>S4HANA_READINESS_2021</RELEASE_ID><SOFTWARE_COMPONENT>EA-FINSERV</SOFTWARE_COMPONENT><SAPRELEASE>800</SAPRELEASE><PATCH_LEVEL>0002</PATCH_LEVEL></SYCM_REL_STACK></REL_STACK></asx:values></asx:abap>