<?xml version="1.0" encoding="utf-8"?><asx:abap version="1.0" xmlns:asx="http://www.sap.com/abapxml"><asx:values><HEADER_DATA><item><KEY>SycmVersion</KEY><VALUE>002.000</VALUE></item><item><KEY>ContentType</KEY><VALUE>Sycm/CustomerRepositoryInformation</VALUE></item><item><KEY>SystemID</KEY><VALUE>TST</VALUE></item><item><KEY>ExtractionStartedAt</KEY><VALUE>20211220095049</VALUE></item><item><KEY>NoOfCustomerObject</KEY><VALUE>1964 </VALUE></item><item><KEY>NoOfReferences</KEY><VALUE>126347 </VALUE></item><item><KEY>NoOfModifiedObjects</KEY><VALUE>13 </VALUE></item><item><KEY>NoOfModificationReferences</KEY><VALUE>2 </VALUE></item><item><KEY>NoOfModificationReferences</KEY><VALUE>3 </VALUE></item><item><KEY>NoOfModificationReferences</KEY><VALUE>129 </VALUE></item><item><KEY>NoOfModificationReferences</KEY><VALUE>7 </VALUE></item><item><KEY>NoOfModificationReferences</KEY><VALUE>43 </VALUE></item><item><KEY>NoOfModificationReferences</KEY><VALUE>2 </VALUE></item><item><KEY>NoOfModificationReferences</KEY><VALUE>0 </VALUE></item><item><KEY>NoOfModificationReferences</KEY><VALUE>10 </VALUE></item><item><KEY>NoOfModificationReferences</KEY><VALUE>0 </VALUE></item><item><KEY>NoOfEnhoEnhancements</KEY><VALUE>24</VALUE></item><item><KEY>NoOfEnhoReferences</KEY><VALUE>7</VALUE></item><item><KEY>NoOfModificationLogEntries</KEY><VALUE>650 </VALUE></item><item><KEY>NoOfEhancementsDataEntries</KEY><VALUE>72 </VALUE></item><item><KEY>NoOfCmodExtensions</KEY><VALUE>15</VALUE></item><item><KEY>NoOfCmodReferences</KEY><VALUE>161</VALUE></item><item><KEY>NoOfSxciExtensions</KEY><VALUE>13</VALUE></item><item><KEY>NoOfSxciReferences</KEY><VALUE>0</VALUE></item><item><KEY>ExtractionEndedAt</KEY><VALUE>20211220095359</VALUE></item></HEADER_DATA></asx:values></asx:abap>