<?xml version="1.0" encoding="utf-8"?><asx:abap version="1.0" xmlns:asx="http://www.sap.com/abapxml"><asx:values><HEADER_DATA><item><KEY>SycmVersion</KEY><VALUE>002.003</VALUE></item><item><KEY>ContentType</KEY><VALUE>Sycm/SimplificationItems</VALUE></item><item><KEY>ExtractionStartedAt</KEY><VALUE>20210928095954</VALUE></item><item><KEY>NoOfSimplificationPiecelistEntries</KEY><VALUE>480144 </VALUE></item><item><KEY>NoOfSimplificationPiecelistSubObjectEntries</KEY><VALUE>22112 </VALUE></item><item><KEY>NoOfSimplificationSitemEntries</KEY><VALUE>589 </VALUE></item><item><KEY>NoOfSimplificationPlistHeadEntries</KEY><VALUE>589 </VALUE></item><item><KEY>NoOfSimplificationPlistParamEntries</KEY><VALUE>1022 </VALUE></item><item><KEY>NoOfSimplificationSitemAreasEntries</KEY><VALUE>672 </VALUE></item><item><KEY>NoOfSimplificationSitemEnpoiEntries</KEY><VALUE>4585 </VALUE></item><item><KEY>NoOfSimplificationSitemPacksEntries</KEY><VALUE>913 </VALUE></item><item><KEY>NoOfSimplificationSitemPlistEntries</KEY><VALUE>589 </VALUE></item><item><KEY>NoOfSimplificationSitemStatsEntries</KEY><VALUE>589 </VALUE></item><item><KEY>NoOfReleasesRelStackEntries</KEY><VALUE>1050 </VALUE></item><item><KEY>ExtractionEndedAt</KEY><VALUE>20210928100001</VALUE></item></HEADER_DATA></asx:values></asx:abap>