<?xml version="1.0" encoding="utf-8"?><asx:abap version="1.0" xmlns:asx="http://www.sap.com/abapxml"><asx:values><REF_DATA><item><REF_OBJ_TYPE>CLAS</REF_OBJ_TYPE><REF_OBJ_NAME>CL_GUI_CFW</REF_OBJ_NAME><REF_SUB_TYPE/><REF_SUB_NAME/><REF_INT_TYPE/><REF_INT_NAME/><OBJ_TYPE>FUGR</OBJ_TYPE><OBJ_NAME>EDOCX_BILLER</OBJ_NAME><SUB_TYPE>FUNC</SUB_TYPE><SUB_NAME>EDOCX_B_SHOW_PDF</SUB_NAME><INCLUDE_NAME>LEDOCX_BILLERU08</INCLUDE_NAME><DEVCLASS>EDOCX_BILLER</DEVCLASS><GENFLAG/><DLVUNIT>EA-FINSERV</DLVUNIT><REF_APPL_COMPONENT>BC-FES-GUI</REF_APPL_COMPONENT></item><item><REF_OBJ_TYPE>CLAS</REF_OBJ_TYPE><REF_OBJ_NAME>CL_GUI_FRONTEND_SERVICES</REF_OBJ_NAME><REF_SUB_TYPE/><REF_SUB_NAME/><REF_INT_TYPE/><REF_INT_NAME/><OBJ_TYPE>FUGR</OBJ_TYPE><OBJ_NAME>EDOCX_BILLER</OBJ_NAME><SUB_TYPE>FUNC</SUB_TYPE><SUB_NAME>EDOCX_B_SHOW_PDF</SUB_NAME><INCLUDE_NAME>LEDOCX_BILLERU08</INCLUDE_NAME><DEVCLASS>EDOCX_BILLER</DEVCLASS><GENFLAG/><DLVUNIT>EA-FINSERV</DLVUNIT><REF_APPL_COMPONENT>BC-FES-GUI</REF_APPL_COMPONENT></item><item><REF_OBJ_TYPE>TYPE</REF_OBJ_TYPE><REF_OBJ_NAME>ABAP</REF_OBJ_NAME><REF_SUB_TYPE/><REF_SUB_NAME/><REF_INT_TYPE>DGT</REF_INT_TYPE><REF_INT_NAME>ABAP_ENCODING</REF_INT_NAME><OBJ_TYPE>FUGR</OBJ_TYPE><OBJ_NAME>EDOCX_BILLER</OBJ_NAME><SUB_TYPE>FUNC</SUB_TYPE><SUB_NAME>EDOCX_B_SHOW_PDF</SUB_NAME><INCLUDE_NAME>LEDOCX_BILLERU08</INCLUDE_NAME><DEVCLASS>EDOCX_BILLER</DEVCLASS><GENFLAG/><DLVUNIT>EA-FINSERV</DLVUNIT><REF_APPL_COMPONENT>BC-ABA-LA</REF_APPL_COMPONENT></item><item><REF_OBJ_TYPE>DTEL</REF_OBJ_TYPE><REF_OBJ_NAME>SAEANWDID</REF_OBJ_NAME><REF_SUB_TYPE/><REF_SUB_NAME/><REF_INT_TYPE/><REF_INT_NAME/><OBJ_TYPE>FUGR</OBJ_TYPE><OBJ_NAME>EDOCX_BILLER</OBJ_NAME><SUB_TYPE>FUNC</SUB_TYPE><SUB_NAME>EDOCX_B_GET_ISF</SUB_NAME><INCLUDE_NAME>LEDOCX_BILLERU22</INCLUDE_NAME><DEVCLASS>EDOCX_BILLER</DEVCLASS><GENFLAG/><DLVUNIT>EA-FINSERV</DLVUNIT><REF_APPL_COMPONENT>BC-SRV-ARL</REF_APPL_COMPONENT></item><item><REF_OBJ_TYPE>DTEL</REF_OBJ_TYPE><REF_OBJ_NAME>SAEOBJID</REF_OBJ_NAME><REF_SUB_TYPE/><REF_SUB_NAME/><REF_INT_TYPE/><REF_INT_NAME/><OBJ_TYPE>FUGR</OBJ_TYPE><OBJ_NAME>EDOCX_BILLER</OBJ_NAME><SUB_TYPE>FUNC</SUB_TYPE><SUB_NAME>EDOCX_B_GET_ISF</SUB_NAME><INCLUDE_NAME>LEDOCX_BILLERU22</INCLUDE_NAME><DEVCLASS>EDOCX_BILLER</DEVCLASS><GENFLAG/><DLVUNIT>EA-FINSERV</DLVUNIT><REF_APPL_COMPONENT>BC-SRV-ARL</REF_APPL_COMPONENT></item><item><REF_OBJ_TYPE>FUGR</REF_OBJ_TYPE><REF_OBJ_NAME>OPTB</REF_OBJ_NAME><REF_SUB_TYPE>FUNC</REF_SUB_TYPE><REF_SUB_NAME>ARCHIV_GET_CONNECTIONS</REF_SUB_NAME><REF_INT_TYPE/><REF_INT_NAME/><OBJ_TYPE>FUGR</OBJ_TYPE><OBJ_NAME>EDOCX_BILLER</OBJ_NAME><SUB_TYPE>FUNC</SUB_TYPE><SUB_NAME>EDOCX_B_GET_ISF</SUB_NAME><INCLUDE_NAME>LEDOCX_BILLERU22</INCLUDE_NAME><DEVCLASS>EDOCX_BILLER</DEVCLASS><GENFLAG/><DLVUNIT>EA-FINSERV</DLVUNIT><REF_APPL_COMPONENT>BC-SRV-ARL</REF_APPL_COMPONENT></item><item><REF_OBJ_TYPE>FUGR</REF_OBJ_TYPE><REF_OBJ_NAME>OPTD</REF_OBJ_NAME><REF_SUB_TYPE>FUNC</REF_SUB_TYPE><REF_SUB_NAME>ARCHIV_GET_TABLE</REF_SUB_NAME><REF_INT_TYPE/><REF_INT_NAME/><OBJ_TYPE>FUGR</OBJ_TYPE><OBJ_NAME>EDOCX_BILLER</OBJ_NAME><SUB_TYPE>FUNC</SUB_TYPE><SUB_NAME>EDOCX_B_GET_ISF</SUB_NAME><INCLUDE_NAME>LEDOCX_BILLERU22</INCLUDE_NAME><DEVCLASS>EDOCX_BILLER</DEVCLASS><GENFLAG/><DLVUNIT>EA-FINSERV</DLVUNIT><REF_APPL_COMPONENT>BC-SRV-ARL</REF_APPL_COMPONENT></item><item><REF_OBJ_TYPE>FUGR</REF_OBJ_TYPE><REF_OBJ_NAME>SFES</REF_OBJ_NAME><REF_SUB_TYPE>FUNC</REF_SUB_TYPE><REF_SUB_NAME>GUI_DOWNLOAD</REF_SUB_NAME><REF_INT_TYPE/><REF_INT_NAME/><OBJ_TYPE>FUGR</OBJ_TYPE><OBJ_NAME>EDOCX_BILLER</OBJ_NAME><SUB_TYPE>FUNC</SUB_TYPE><SUB_NAME>EDOCX_B_SHOW_PDF</SUB_NAME><INCLUDE_NAME>LEDOCX_BILLERU08</INCLUDE_NAME><DEVCLASS>EDOCX_BILLER</DEVCLASS><GENFLAG/><DLVUNIT>EA-FINSERV</DLVUNIT><REF_APPL_COMPONENT>BC-FES-GUI</REF_APPL_COMPONENT></item><item><REF_OBJ_TYPE>FUGR</REF_OBJ_TYPE><REF_OBJ_NAME>SCMS_CONV</REF_OBJ_NAME><REF_SUB_TYPE>FUNC</REF_SUB_TYPE><REF_SUB_NAME>SCMS_BINARY_TO_TEXT</REF_SUB_NAME><REF_INT_TYPE/><REF_INT_NAME/><OBJ_TYPE>FUGR</OBJ_TYPE><OBJ_NAME>EDOCX_BILLER</OBJ_NAME><SUB_TYPE>FUNC</SUB_TYPE><SUB_NAME>EDOCX_B_SHOW_PDF</SUB_NAME><INCLUDE_NAME>LEDOCX_BILLERU08</INCLUDE_NAME><DEVCLASS>EDOCX_BILLER</DEVCLASS><GENFLAG/><DLVUNIT>EA-FINSERV</DLVUNIT><REF_APPL_COMPONENT>BC-SRV-KPR-CMS</REF_APPL_COMPONENT></item><item><REF_OBJ_TYPE>FUGR</REF_OBJ_TYPE><REF_OBJ_NAME>SCMS_CONV</REF_OBJ_NAME><REF_SUB_TYPE>FUNC</REF_SUB_TYPE><REF_SUB_NAME>SCMS_BINARY_TO_XSTRING</REF_SUB_NAME><REF_INT_TYPE/><REF_INT_NAME/><OBJ_TYPE>FUGR</OBJ_TYPE><OBJ_NAME>EDOCX_BILLER</OBJ_NAME><SUB_TYPE>FUNC</SUB_TYPE><SUB_NAME>EDOCX_B_GET_ISF</SUB_NAME><INCLUDE_NAME>LEDOCX_BILLERU22</INCLUDE_NAME><DEVCLASS>EDOCX_BILLER</DEVCLASS><GENFLAG/><DLVUNIT>EA-FINSERV</DLVUNIT><REF_APPL_COMPONENT>BC-SRV-KPR-CMS</REF_APPL_COMPONENT></item><item><REF_OBJ_TYPE>FUGR</REF_OBJ_TYPE><REF_OBJ_NAME>SCMS_CONV</REF_OBJ_NAME><REF_SUB_TYPE>FUNC</REF_SUB_TYPE><REF_SUB_NAME>SCMS_XSTRING_TO_BINARY</REF_SUB_NAME><REF_INT_TYPE/><REF_INT_NAME/><OBJ_TYPE>FUGR</OBJ_TYPE><OBJ_NAME>EDOCX_BILLER</OBJ_NAME><SUB_TYPE>FUNC</SUB_TYPE><SUB_NAME>EDOCX_B_SHOW_PDF</SUB_NAME><INCLUDE_NAME>LEDOCX_BILLERU08</INCLUDE_NAME><DEVCLASS>EDOCX_BILLER</DEVCLASS><GENFLAG/><DLVUNIT>EA-FINSERV</DLVUNIT><REF_APPL_COMPONENT>BC-SRV-KPR-CMS</REF_APPL_COMPONENT></item><item><REF_OBJ_TYPE>FUGR</REF_OBJ_TYPE><REF_OBJ_NAME>SO30</REF_OBJ_NAME><REF_SUB_TYPE>FUNC</REF_SUB_TYPE><REF_SUB_NAME>SO_PROGNAME_GET_WITH_PATH</REF_SUB_NAME><REF_INT_TYPE/><REF_INT_NAME/><OBJ_TYPE>FUGR</OBJ_TYPE><OBJ_NAME>EDOCX_BILLER</OBJ_NAME><SUB_TYPE>FUNC</SUB_TYPE><SUB_NAME>EDOCX_B_SHOW_PDF</SUB_NAME><INCLUDE_NAME>LEDOCX_BILLERU08</INCLUDE_NAME><DEVCLASS>EDOCX_BILLER</DEVCLASS><GENFLAG/><DLVUNIT>EA-FINSERV</DLVUNIT><REF_APPL_COMPONENT>BC-SRV-COM</REF_APPL_COMPONENT></item><item><REF_OBJ_TYPE>CLAS</REF_OBJ_TYPE><REF_OBJ_NAME>CL_GUI_FRONTEND_SERVICES</REF_OBJ_NAME><REF_SUB_TYPE>CPUB</REF_SUB_TYPE><REF_SUB_NAME>CL_GUI_FRONTEND_SERVICES</REF_SUB_NAME><REF_INT_TYPE>OO</REF_INT_TYPE><REF_INT_NAME>CL_GUI_FRONTEND_SERVICES      EXECUTE</REF_INT_NAME><OBJ_TYPE>FUGR</OBJ_TYPE><OBJ_NAME>EDOCX_BILLER</OBJ_NAME><SUB_TYPE>FUNC</SUB_TYPE><SUB_NAME>EDOCX_B_SHOW_PDF</SUB_NAME><INCLUDE_NAME>LEDOCX_BILLERU08</INCLUDE_NAME><DEVCLASS>EDOCX_BILLER</DEVCLASS><GENFLAG/><DLVUNIT>EA-FINSERV</DLVUNIT><REF_APPL_COMPONENT>BC-FES-GUI</REF_APPL_COMPONENT></item><item><REF_OBJ_TYPE>CLAS</REF_OBJ_TYPE><REF_OBJ_NAME>CL_GUI_FRONTEND_SERVICES</REF_OBJ_NAME><REF_SUB_TYPE>CPUB</REF_SUB_TYPE><REF_SUB_NAME>CL_GUI_FRONTEND_SERVICES</REF_SUB_NAME><REF_INT_TYPE>OO</REF_INT_TYPE><REF_INT_NAME>CL_GUI_FRONTEND_SERVICES      GET_SAPGUI_WORKDIR</REF_INT_NAME><OBJ_TYPE>FUGR</OBJ_TYPE><OBJ_NAME>EDOCX_BILLER</OBJ_NAME><SUB_TYPE>FUNC</SUB_TYPE><SUB_NAME>EDOCX_B_SHOW_PDF</SUB_NAME><INCLUDE_NAME>LEDOCX_BILLERU08</INCLUDE_NAME><DEVCLASS>EDOCX_BILLER</DEVCLASS><GENFLAG/><DLVUNIT>EA-FINSERV</DLVUNIT><REF_APPL_COMPONENT>BC-FES-GUI</REF_APPL_COMPONENT></item><item><REF_OBJ_TYPE>CLAS</REF_OBJ_TYPE><REF_OBJ_NAME>CL_GUI_CFW</REF_OBJ_NAME><REF_SUB_TYPE>CPUB</REF_SUB_TYPE><REF_SUB_NAME>CL_GUI_CFW</REF_SUB_NAME><REF_INT_TYPE>OO</REF_INT_TYPE><REF_INT_NAME>CL_GUI_CFW                    UPDATE_VIEW</REF_INT_NAME><OBJ_TYPE>FUGR</OBJ_TYPE><OBJ_NAME>EDOCX_BILLER</OBJ_NAME><SUB_TYPE>FUNC</SUB_TYPE><SUB_NAME>EDOCX_B_SHOW_PDF</SUB_NAME><INCLUDE_NAME>LEDOCX_BILLERU08</INCLUDE_NAME><DEVCLASS>EDOCX_BILLER</DEVCLASS><GENFLAG/><DLVUNIT>EA-FINSERV</DLVUNIT><REF_APPL_COMPONENT>BC-FES-GUI</REF_APPL_COMPONENT></item><item><REF_OBJ_TYPE>CLAS</REF_OBJ_TYPE><REF_OBJ_NAME>CL_GUI_FRONTEND_SERVICES</REF_OBJ_NAME><REF_SUB_TYPE>CPUB</REF_SUB_TYPE><REF_SUB_NAME>CL_GUI_FRONTEND_SERVICES</REF_SUB_NAME><REF_INT_TYPE>OOP</REF_INT_TYPE><REF_INT_NAME>CL_GUI_FRONTEND_SERVICES      EXECUTE                                                      DOCUMENT</REF_INT_NAME><OBJ_TYPE>FUGR</OBJ_TYPE><OBJ_NAME>EDOCX_BILLER</OBJ_NAME><SUB_TYPE>FUNC</SUB_TYPE><SUB_NAME>EDOCX_B_SHOW_PDF</SUB_NAME><INCLUDE_NAME>LEDOCX_BILLERU08</INCLUDE_NAME><DEVCLASS>EDOCX_BILLER</DEVCLASS><GENFLAG/><DLVUNIT>EA-FINSERV</DLVUNIT><REF_APPL_COMPONENT>BC-FES-GUI</REF_APPL_COMPONENT></item><item><REF_OBJ_TYPE>CLAS</REF_OBJ_TYPE><REF_OBJ_NAME>CL_GUI_FRONTEND_SERVICES</REF_OBJ_NAME><REF_SUB_TYPE>CPUB</REF_SUB_TYPE><REF_SUB_NAME>CL_GUI_FRONTEND_SERVICES</REF_SUB_NAME><REF_INT_TYPE>OOP</REF_INT_TYPE><REF_INT_NAME>CL_GUI_FRONTEND_SERVICES      EXECUTE                                                      OPERATION</REF_INT_NAME><OBJ_TYPE>FUGR</OBJ_TYPE><OBJ_NAME>EDOCX_BILLER</OBJ_NAME><SUB_TYPE>FUNC</SUB_TYPE><SUB_NAME>EDOCX_B_SHOW_PDF</SUB_NAME><INCLUDE_NAME>LEDOCX_BILLERU08</INCLUDE_NAME><DEVCLASS>EDOCX_BILLER</DEVCLASS><GENFLAG/><DLVUNIT>EA-FINSERV</DLVUNIT><REF_APPL_COMPONENT>BC-FES-GUI</REF_APPL_COMPONENT></item><item><REF_OBJ_TYPE>CLAS</REF_OBJ_TYPE><REF_OBJ_NAME>CL_GUI_FRONTEND_SERVICES</REF_OBJ_NAME><REF_SUB_TYPE>CPUB</REF_SUB_TYPE><REF_SUB_NAME>CL_GUI_FRONTEND_SERVICES</REF_SUB_NAME><REF_INT_TYPE>OOP</REF_INT_TYPE><REF_INT_NAME>CL_GUI_FRONTEND_SERVICES      GET_SAPGUI_WORKDIR                                           SAPWORKDIR</REF_INT_NAME><OBJ_TYPE>FUGR</OBJ_TYPE><OBJ_NAME>EDOCX_BILLER</OBJ_NAME><SUB_TYPE>FUNC</SUB_TYPE><SUB_NAME>EDOCX_B_SHOW_PDF</SUB_NAME><INCLUDE_NAME>LEDOCX_BILLERU08</INCLUDE_NAME><DEVCLASS>EDOCX_BILLER</DEVCLASS><GENFLAG/><DLVUNIT>EA-FINSERV</DLVUNIT><REF_APPL_COMPONENT>BC-FES-GUI</REF_APPL_COMPONENT></item><item><REF_OBJ_TYPE>TABL</REF_OBJ_TYPE><REF_OBJ_NAME>SYST</REF_OBJ_NAME><REF_SUB_TYPE/><REF_SUB_NAME/><REF_INT_TYPE/><REF_INT_NAME/><OBJ_TYPE>FUGR</OBJ_TYPE><OBJ_NAME>EDOCX_BILLER</OBJ_NAME><SUB_TYPE>FUNC</SUB_TYPE><SUB_NAME>EDOCX_B_SHOW_PDF</SUB_NAME><INCLUDE_NAME>LEDOCX_BILLERU08</INCLUDE_NAME><DEVCLASS>EDOCX_BILLER</DEVCLASS><GENFLAG/><DLVUNIT>EA-FINSERV</DLVUNIT><REF_APPL_COMPONENT>BC-ABA-LA</REF_APPL_COMPONENT></item><item><REF_OBJ_TYPE>TABL</REF_OBJ_TYPE><REF_OBJ_NAME>TBL1024</REF_OBJ_NAME><REF_SUB_TYPE/><REF_SUB_NAME/><REF_INT_TYPE/><REF_INT_NAME/><OBJ_TYPE>FUGR</OBJ_TYPE><OBJ_NAME>EDOCX_BILLER</OBJ_NAME><SUB_TYPE>FUNC</SUB_TYPE><SUB_NAME>EDOCX_B_GET_ISF</SUB_NAME><INCLUDE_NAME>LEDOCX_BILLERU22</INCLUDE_NAME><DEVCLASS>EDOCX_BILLER</DEVCLASS><GENFLAG/><DLVUNIT>EA-FINSERV</DLVUNIT><REF_APPL_COMPONENT>BC-CTS-CCO</REF_APPL_COMPONENT></item><item><REF_OBJ_TYPE>TABL</REF_OBJ_TYPE><REF_OBJ_NAME>TOAV0</REF_OBJ_NAME><REF_SUB_TYPE/><REF_SUB_NAME/><REF_INT_TYPE/><REF_INT_NAME/><OBJ_TYPE>FUGR</OBJ_TYPE><OBJ_NAME>EDOCX_BILLER</OBJ_NAME><SUB_TYPE>FUNC</SUB_TYPE><SUB_NAME>EDOCX_B_GET_ISF</SUB_NAME><INCLUDE_NAME>LEDOCX_BILLERU22</INCLUDE_NAME><DEVCLASS>EDOCX_BILLER</DEVCLASS><GENFLAG/><DLVUNIT>EA-FINSERV</DLVUNIT><REF_APPL_COMPONENT>BC-SRV-ARL</REF_APPL_COMPONENT></item><item><REF_OBJ_TYPE>TABL</REF_OBJ_TYPE><REF_OBJ_NAME>EDOCX_B_SETUP</REF_OBJ_NAME><REF_SUB_TYPE/><REF_SUB_NAME/><REF_INT_TYPE/><REF_INT_NAME/><OBJ_TYPE>FUGR</OBJ_TYPE><OBJ_NAME>EDOCX_BILLER</OBJ_NAME><SUB_TYPE>FUNC</SUB_TYPE><SUB_NAME>EDOCX_B_GET_ISF</SUB_NAME><INCLUDE_NAME>LEDOCX_BILLERU22</INCLUDE_NAME><DEVCLASS>EDOCX_BILLER</DEVCLASS><GENFLAG/><DLVUNIT>EA-FINSERV</DLVUNIT><REF_APPL_COMPONENT>FI-LC</REF_APPL_COMPONENT></item><item><REF_OBJ_TYPE>TYPE</REF_OBJ_TYPE><REF_OBJ_NAME>ABAP</REF_OBJ_NAME><REF_SUB_TYPE/><REF_SUB_NAME/><REF_INT_TYPE/><REF_INT_NAME/><OBJ_TYPE>FUGR</OBJ_TYPE><OBJ_NAME>EDOCX_BILLER</OBJ_NAME><SUB_TYPE>FUNC</SUB_TYPE><SUB_NAME>EDOCX_B_SHOW_PDF</SUB_NAME><INCLUDE_NAME>LEDOCX_BILLERU08</INCLUDE_NAME><DEVCLASS>EDOCX_BILLER</DEVCLASS><GENFLAG/><DLVUNIT>EA-FINSERV</DLVUNIT><REF_APPL_COMPONENT>BC-ABA-LA</REF_APPL_COMPONENT></item></REF_DATA></asx:values></asx:abap>