<?xml version="1.0" encoding="utf-8"?><asx:abap version="1.0" xmlns:asx="http://www.sap.com/abapxml"><asx:values><REF_DATA><item><REF_OBJ_TYPE>TABL</REF_OBJ_TYPE><REF_OBJ_NAME>DMEE_PAYM_IF_TYPE</REF_OBJ_NAME><REF_SUB_TYPE/><REF_SUB_NAME/><REF_INT_TYPE/><REF_INT_NAME/><OBJ_TYPE>FUGR</OBJ_TYPE><OBJ_NAME>DMEE5</OBJ_NAME><SUB_TYPE>FUNC</SUB_TYPE><SUB_NAME>FI_PAYMEDIUM_DMEE_30</SUB_NAME><INCLUDE_NAME>LDMEE5U04</INCLUDE_NAME><DEVCLASS>ID-DMEE</DEVCLASS><GENFLAG/><DLVUNIT>SAP_FIN</DLVUNIT><REF_APPL_COMPONENT>FI-LOC-DME</REF_APPL_COMPONENT></item><item><REF_OBJ_TYPE>TABL</REF_OBJ_TYPE><REF_OBJ_NAME>FPAYHX</REF_OBJ_NAME><REF_SUB_TYPE/><REF_SUB_NAME/><REF_INT_TYPE/><REF_INT_NAME/><OBJ_TYPE>FUGR</OBJ_TYPE><OBJ_NAME>DMEE5</OBJ_NAME><SUB_TYPE>FUNC</SUB_TYPE><SUB_NAME>FI_PAYMEDIUM_DMEE_30</SUB_NAME><INCLUDE_NAME>LDMEE5U04</INCLUDE_NAME><DEVCLASS>ID-DMEE</DEVCLASS><GENFLAG/><DLVUNIT>SAP_FIN</DLVUNIT><REF_APPL_COMPONENT>FI-BL</REF_APPL_COMPONENT></item><item><REF_OBJ_TYPE>TABL</REF_OBJ_TYPE><REF_OBJ_NAME>FPAYHX_FMT</REF_OBJ_NAME><REF_SUB_TYPE/><REF_SUB_NAME/><REF_INT_TYPE/><REF_INT_NAME/><OBJ_TYPE>FUGR</OBJ_TYPE><OBJ_NAME>DMEE5</OBJ_NAME><SUB_TYPE>FUNC</SUB_TYPE><SUB_NAME>FI_PAYMEDIUM_DMEE_30</SUB_NAME><INCLUDE_NAME>LDMEE5U04</INCLUDE_NAME><DEVCLASS>ID-DMEE</DEVCLASS><GENFLAG/><DLVUNIT>SAP_FIN</DLVUNIT><REF_APPL_COMPONENT>FI-BL</REF_APPL_COMPONENT></item><item><REF_OBJ_TYPE>TABL</REF_OBJ_TYPE><REF_OBJ_NAME>FPAYP</REF_OBJ_NAME><REF_SUB_TYPE/><REF_SUB_NAME/><REF_INT_TYPE/><REF_INT_NAME/><OBJ_TYPE>FUGR</OBJ_TYPE><OBJ_NAME>DMEE5</OBJ_NAME><SUB_TYPE>FUNC</SUB_TYPE><SUB_NAME>FI_PAYMEDIUM_DMEE_30</SUB_NAME><INCLUDE_NAME>LDMEE5U04</INCLUDE_NAME><DEVCLASS>ID-DMEE</DEVCLASS><GENFLAG/><DLVUNIT>SAP_FIN</DLVUNIT><REF_APPL_COMPONENT>FI-BL</REF_APPL_COMPONENT></item><item><REF_OBJ_TYPE>TABL</REF_OBJ_TYPE><REF_OBJ_NAME>FPAYP_INF</REF_OBJ_NAME><REF_SUB_TYPE/><REF_SUB_NAME/><REF_INT_TYPE/><REF_INT_NAME/><OBJ_TYPE>FUGR</OBJ_TYPE><OBJ_NAME>DMEE5</OBJ_NAME><SUB_TYPE>FUNC</SUB_TYPE><SUB_NAME>FI_PAYMEDIUM_DMEE_30</SUB_NAME><INCLUDE_NAME>LDMEE5U04</INCLUDE_NAME><DEVCLASS>ID-DMEE</DEVCLASS><GENFLAG/><DLVUNIT>SAP_FIN</DLVUNIT><REF_APPL_COMPONENT>FI-BL</REF_APPL_COMPONENT></item></REF_DATA></asx:values></asx:abap>