<?xml version="1.0" encoding="utf-8"?><asx:abap version="1.0" xmlns:asx="http://www.sap.com/abapxml"><asx:values><REF_DATA><item><REF_OBJ_TYPE>TABL</REF_OBJ_TYPE><REF_OBJ_NAME>SYST</REF_OBJ_NAME><REF_SUB_TYPE/><REF_SUB_NAME/><REF_INT_TYPE/><REF_INT_NAME/><OBJ_TYPE>PROG</OBJ_TYPE><OBJ_NAME>MV45AFZZ</OBJ_NAME><SUB_TYPE/><SUB_NAME/><INCLUDE_NAME>MV45AFZZ</INCLUDE_NAME><DEVCLASS>VMOD</DEVCLASS><GENFLAG/><DLVUNIT>SAP_APPL</DLVUNIT><REF_APPL_COMPONENT>BC-ABA-LA</REF_APPL_COMPONENT></item><item><REF_OBJ_TYPE>TABL</REF_OBJ_TYPE><REF_OBJ_NAME>VBAK</REF_OBJ_NAME><REF_SUB_TYPE/><REF_SUB_NAME/><REF_INT_TYPE/><REF_INT_NAME/><OBJ_TYPE>PROG</OBJ_TYPE><OBJ_NAME>MV45AFZZ</OBJ_NAME><SUB_TYPE/><SUB_NAME/><INCLUDE_NAME>MV45AFZZ</INCLUDE_NAME><DEVCLASS>VMOD</DEVCLASS><GENFLAG/><DLVUNIT>SAP_APPL</DLVUNIT><REF_APPL_COMPONENT>SD-SLS</REF_APPL_COMPONENT></item><item><REF_OBJ_TYPE>TABL</REF_OBJ_TYPE><REF_OBJ_NAME>VBAP</REF_OBJ_NAME><REF_SUB_TYPE/><REF_SUB_NAME/><REF_INT_TYPE/><REF_INT_NAME/><OBJ_TYPE>PROG</OBJ_TYPE><OBJ_NAME>MV45AFZZ</OBJ_NAME><SUB_TYPE/><SUB_NAME/><INCLUDE_NAME>MV45AFZZ</INCLUDE_NAME><DEVCLASS>VMOD</DEVCLASS><GENFLAG/><DLVUNIT>SAP_APPL</DLVUNIT><REF_APPL_COMPONENT>SD-SLS</REF_APPL_COMPONENT></item></REF_DATA></asx:values></asx:abap>