<?xml version="1.0" encoding="utf-8"?><asx:abap version="1.0" xmlns:asx="http://www.sap.com/abapxml"><asx:values><REF_DATA><item><REF_OBJ_TYPE>DTEL</REF_OBJ_TYPE><REF_OBJ_NAME>AKTYP</REF_OBJ_NAME><REF_SUB_TYPE/><REF_SUB_NAME/><REF_INT_TYPE/><REF_INT_NAME/><OBJ_TYPE>FUGR</OBJ_TYPE><OBJ_NAME>IDFI_QR_ADDL_INFO</OBJ_NAME><SUB_TYPE>FUNC</SUB_TYPE><SUB_NAME>IDFI_QRIBAN_ADDL_INFO_DYNPRO</SUB_NAME><INCLUDE_NAME>LIDFI_QR_ADDL_INFOU01</INCLUDE_NAME><DEVCLASS>ID-FI-CH-PAYM</DEVCLASS><GENFLAG/><DLVUNIT>SAP_FIN</DLVUNIT><REF_APPL_COMPONENT>CA-GTF-BS-SQ</REF_APPL_COMPONENT></item><item><REF_OBJ_TYPE>TABL</REF_OBJ_TYPE><REF_OBJ_NAME>BSEC</REF_OBJ_NAME><REF_SUB_TYPE/><REF_SUB_NAME/><REF_INT_TYPE/><REF_INT_NAME/><OBJ_TYPE>FUGR</OBJ_TYPE><OBJ_NAME>IDFI_QR_ADDL_INFO</OBJ_NAME><SUB_TYPE>FUNC</SUB_TYPE><SUB_NAME>IDFI_QRIBAN_ADDL_INFO_DYNPRO</SUB_NAME><INCLUDE_NAME>LIDFI_QR_ADDL_INFOU01</INCLUDE_NAME><DEVCLASS>ID-FI-CH-PAYM</DEVCLASS><GENFLAG/><DLVUNIT>SAP_FIN</DLVUNIT><REF_APPL_COMPONENT>FI</REF_APPL_COMPONENT></item></REF_DATA></asx:values></asx:abap>