<?xml version="1.0" encoding="utf-8"?><asx:abap version="1.0" xmlns:asx="http://www.sap.com/abapxml"><asx:values><REF_DATA><item><REF_OBJ_TYPE>SMOD</REF_OBJ_TYPE><REF_OBJ_NAME>PBAS0001</REF_OBJ_NAME><REF_SUB_TYPE/><REF_SUB_NAME/><REF_INT_TYPE/><REF_INT_NAME/><OBJ_TYPE>CMOD</OBJ_TYPE><OBJ_NAME>HR_MOD</OBJ_NAME><SUB_TYPE/><SUB_NAME/><INCLUDE_NAME/><DEVCLASS>Z002</DEVCLASS><GENFLAG/><DLVUNIT>HOME</DLVUNIT><REF_APPL_COMPONENT>PA-PA</REF_APPL_COMPONENT></item><item><REF_OBJ_TYPE>FUGX</REF_OBJ_TYPE><REF_OBJ_NAME>XPAD</REF_OBJ_NAME><REF_SUB_TYPE>FUNC</REF_SUB_TYPE><REF_SUB_NAME>EXIT_SAPFP50M_002</REF_SUB_NAME><REF_INT_TYPE/><REF_INT_NAME/><OBJ_TYPE>CMOD</OBJ_TYPE><OBJ_NAME>HR_MOD</OBJ_NAME><SUB_TYPE/><SUB_NAME/><INCLUDE_NAME/><DEVCLASS>Z002</DEVCLASS><GENFLAG/><DLVUNIT>HOME</DLVUNIT><REF_APPL_COMPONENT/></item><item><REF_OBJ_TYPE>PROG</REF_OBJ_TYPE><REF_OBJ_NAME>SAPFP50M</REF_OBJ_NAME><REF_SUB_TYPE/><REF_SUB_NAME/><REF_INT_TYPE/><REF_INT_NAME/><OBJ_TYPE>CMOD</OBJ_TYPE><OBJ_NAME>HR_MOD</OBJ_NAME><SUB_TYPE/><SUB_NAME/><INCLUDE_NAME/><DEVCLASS>Z002</DEVCLASS><GENFLAG/><DLVUNIT>HOME</DLVUNIT><REF_APPL_COMPONENT>PA-PA</REF_APPL_COMPONENT></item><item><REF_OBJ_TYPE>SMOD</REF_OBJ_TYPE><REF_OBJ_NAME>SZAD0001</REF_OBJ_NAME><REF_SUB_TYPE/><REF_SUB_NAME/><REF_INT_TYPE/><REF_INT_NAME/><OBJ_TYPE>CMOD</OBJ_TYPE><OBJ_NAME>ZBAS</OBJ_NAME><SUB_TYPE/><SUB_NAME/><INCLUDE_NAME/><DEVCLASS>ZBAS</DEVCLASS><GENFLAG/><DLVUNIT>HOME</DLVUNIT><REF_APPL_COMPONENT>BC-SRV-ADR</REF_APPL_COMPONENT></item><item><REF_OBJ_TYPE>FUGX</REF_OBJ_TYPE><REF_OBJ_NAME>XSAD</REF_OBJ_NAME><REF_SUB_TYPE>FUNC</REF_SUB_TYPE><REF_SUB_NAME>EXIT_SAPLSADR_001</REF_SUB_NAME><REF_INT_TYPE/><REF_INT_NAME/><OBJ_TYPE>CMOD</OBJ_TYPE><OBJ_NAME>ZBAS</OBJ_NAME><SUB_TYPE/><SUB_NAME/><INCLUDE_NAME/><DEVCLASS>ZBAS</DEVCLASS><GENFLAG/><DLVUNIT>HOME</DLVUNIT><REF_APPL_COMPONENT/></item><item><REF_OBJ_TYPE>FUGR</REF_OBJ_TYPE><REF_OBJ_NAME>SADR</REF_OBJ_NAME><REF_SUB_TYPE/><REF_SUB_NAME/><REF_INT_TYPE/><REF_INT_NAME/><OBJ_TYPE>CMOD</OBJ_TYPE><OBJ_NAME>ZBAS</OBJ_NAME><SUB_TYPE/><SUB_NAME/><INCLUDE_NAME/><DEVCLASS>ZBAS</DEVCLASS><GENFLAG/><DLVUNIT>HOME</DLVUNIT><REF_APPL_COMPONENT>BC-SRV-ADR</REF_APPL_COMPONENT></item><item><REF_OBJ_TYPE>SMOD</REF_OBJ_TYPE><REF_OBJ_NAME>RSAP0001</REF_OBJ_NAME><REF_SUB_TYPE/><REF_SUB_NAME/><REF_INT_TYPE/><REF_INT_NAME/><OBJ_TYPE>CMOD</OBJ_TYPE><OBJ_NAME>ZBW_EXIT</OBJ_NAME><SUB_TYPE/><SUB_NAME/><INCLUDE_NAME/><DEVCLASS>ZBW</DEVCLASS><GENFLAG/><DLVUNIT>HOME</DLVUNIT><REF_APPL_COMPONENT>BC-BW</REF_APPL_COMPONENT></item><item><REF_OBJ_TYPE>FUGX</REF_OBJ_TYPE><REF_OBJ_NAME>XRSA</REF_OBJ_NAME><REF_SUB_TYPE>FUNC</REF_SUB_TYPE><REF_SUB_NAME>EXIT_SAPLRSAP_001</REF_SUB_NAME><REF_INT_TYPE/><REF_INT_NAME/><OBJ_TYPE>CMOD</OBJ_TYPE><OBJ_NAME>ZBW_EXIT</OBJ_NAME><SUB_TYPE/><SUB_NAME/><INCLUDE_NAME/><DEVCLASS>ZBW</DEVCLASS><GENFLAG/><DLVUNIT>HOME</DLVUNIT><REF_APPL_COMPONENT/></item><item><REF_OBJ_TYPE>FUGX</REF_OBJ_TYPE><REF_OBJ_NAME>XRSA</REF_OBJ_NAME><REF_SUB_TYPE>FUNC</REF_SUB_TYPE><REF_SUB_NAME>EXIT_SAPLRSAP_002</REF_SUB_NAME><REF_INT_TYPE/><REF_INT_NAME/><OBJ_TYPE>CMOD</OBJ_TYPE><OBJ_NAME>ZBW_EXIT</OBJ_NAME><SUB_TYPE/><SUB_NAME/><INCLUDE_NAME/><DEVCLASS>ZBW</DEVCLASS><GENFLAG/><DLVUNIT>HOME</DLVUNIT><REF_APPL_COMPONENT/></item><item><REF_OBJ_TYPE>FUGR</REF_OBJ_TYPE><REF_OBJ_NAME>RSAP</REF_OBJ_NAME><REF_SUB_TYPE/><REF_SUB_NAME/><REF_INT_TYPE/><REF_INT_NAME/><OBJ_TYPE>CMOD</OBJ_TYPE><OBJ_NAME>ZBW_EXIT</OBJ_NAME><SUB_TYPE/><SUB_NAME/><INCLUDE_NAME/><DEVCLASS>ZBW</DEVCLASS><GENFLAG/><DLVUNIT>HOME</DLVUNIT><REF_APPL_COMPONENT>BC-BW</REF_APPL_COMPONENT></item><item><REF_OBJ_TYPE>SMOD</REF_OBJ_TYPE><REF_OBJ_NAME>HRPTIM05</REF_OBJ_NAME><REF_SUB_TYPE/><REF_SUB_NAME/><REF_INT_TYPE/><REF_INT_NAME/><OBJ_TYPE>CMOD</OBJ_TYPE><OBJ_NAME>ZHRTIME</OBJ_NAME><SUB_TYPE/><SUB_NAME/><INCLUDE_NAME/><DEVCLASS>ZHR_TIME</DEVCLASS><GENFLAG/><DLVUNIT>HOME</DLVUNIT><REF_APPL_COMPONENT>PT</REF_APPL_COMPONENT></item><item><REF_OBJ_TYPE>FUGX</REF_OBJ_TYPE><REF_OBJ_NAME>XP05</REF_OBJ_NAME><REF_SUB_TYPE>FUNC</REF_SUB_TYPE><REF_SUB_NAME>EXIT_SAPLRPTC_001</REF_SUB_NAME><REF_INT_TYPE/><REF_INT_NAME/><OBJ_TYPE>CMOD</OBJ_TYPE><OBJ_NAME>ZHRTIME</OBJ_NAME><SUB_TYPE/><SUB_NAME/><INCLUDE_NAME/><DEVCLASS>ZHR_TIME</DEVCLASS><GENFLAG/><DLVUNIT>HOME</DLVUNIT><REF_APPL_COMPONENT/></item><item><REF_OBJ_TYPE>FUGX</REF_OBJ_TYPE><REF_OBJ_NAME>XP05</REF_OBJ_NAME><REF_SUB_TYPE>FUNC</REF_SUB_TYPE><REF_SUB_NAME>EXIT_SAPLRPTC_002</REF_SUB_NAME><REF_INT_TYPE/><REF_INT_NAME/><OBJ_TYPE>CMOD</OBJ_TYPE><OBJ_NAME>ZHRTIME</OBJ_NAME><SUB_TYPE/><SUB_NAME/><INCLUDE_NAME/><DEVCLASS>ZHR_TIME</DEVCLASS><GENFLAG/><DLVUNIT>HOME</DLVUNIT><REF_APPL_COMPONENT/></item><item><REF_OBJ_TYPE>FUGX</REF_OBJ_TYPE><REF_OBJ_NAME>XP05</REF_OBJ_NAME><REF_SUB_TYPE>FUNC</REF_SUB_TYPE><REF_SUB_NAME>EXIT_SAPLRPTC_003</REF_SUB_NAME><REF_INT_TYPE/><REF_INT_NAME/><OBJ_TYPE>CMOD</OBJ_TYPE><OBJ_NAME>ZHRTIME</OBJ_NAME><SUB_TYPE/><SUB_NAME/><INCLUDE_NAME/><DEVCLASS>ZHR_TIME</DEVCLASS><GENFLAG/><DLVUNIT>HOME</DLVUNIT><REF_APPL_COMPONENT/></item><item><REF_OBJ_TYPE>FUGX</REF_OBJ_TYPE><REF_OBJ_NAME>XP05</REF_OBJ_NAME><REF_SUB_TYPE>FUNC</REF_SUB_TYPE><REF_SUB_NAME>EXIT_SAPLRPTC_005</REF_SUB_NAME><REF_INT_TYPE/><REF_INT_NAME/><OBJ_TYPE>CMOD</OBJ_TYPE><OBJ_NAME>ZHRTIME</OBJ_NAME><SUB_TYPE/><SUB_NAME/><INCLUDE_NAME/><DEVCLASS>ZHR_TIME</DEVCLASS><GENFLAG/><DLVUNIT>HOME</DLVUNIT><REF_APPL_COMPONENT/></item><item><REF_OBJ_TYPE>FUGX</REF_OBJ_TYPE><REF_OBJ_NAME>XP05</REF_OBJ_NAME><REF_SUB_TYPE>FUNC</REF_SUB_TYPE><REF_SUB_NAME>EXIT_SAPLRPTC_006</REF_SUB_NAME><REF_INT_TYPE/><REF_INT_NAME/><OBJ_TYPE>CMOD</OBJ_TYPE><OBJ_NAME>ZHRTIME</OBJ_NAME><SUB_TYPE/><SUB_NAME/><INCLUDE_NAME/><DEVCLASS>ZHR_TIME</DEVCLASS><GENFLAG/><DLVUNIT>HOME</DLVUNIT><REF_APPL_COMPONENT/></item><item><REF_OBJ_TYPE>FUGX</REF_OBJ_TYPE><REF_OBJ_NAME>XP05</REF_OBJ_NAME><REF_SUB_TYPE>FUNC</REF_SUB_TYPE><REF_SUB_NAME>EXIT_SAPLRPTC_010</REF_SUB_NAME><REF_INT_TYPE/><REF_INT_NAME/><OBJ_TYPE>CMOD</OBJ_TYPE><OBJ_NAME>ZHRTIME</OBJ_NAME><SUB_TYPE/><SUB_NAME/><INCLUDE_NAME/><DEVCLASS>ZHR_TIME</DEVCLASS><GENFLAG/><DLVUNIT>HOME</DLVUNIT><REF_APPL_COMPONENT/></item><item><REF_OBJ_TYPE>FUGR</REF_OBJ_TYPE><REF_OBJ_NAME>RPTC</REF_OBJ_NAME><REF_SUB_TYPE/><REF_SUB_NAME/><REF_INT_TYPE/><REF_INT_NAME/><OBJ_TYPE>CMOD</OBJ_TYPE><OBJ_NAME>ZHRTIME</OBJ_NAME><SUB_TYPE/><SUB_NAME/><INCLUDE_NAME/><DEVCLASS>ZHR_TIME</DEVCLASS><GENFLAG/><DLVUNIT>HOME</DLVUNIT><REF_APPL_COMPONENT>PT</REF_APPL_COMPONENT></item><item><REF_OBJ_TYPE>SMOD</REF_OBJ_TYPE><REF_OBJ_NAME>EBIA0002</REF_OBJ_NAME><REF_SUB_TYPE/><REF_SUB_NAME/><REF_INT_TYPE/><REF_INT_NAME/><OBJ_TYPE>CMOD</OBJ_TYPE><OBJ_NAME>ZISUCALC</OBJ_NAME><SUB_TYPE/><SUB_NAME/><INCLUDE_NAME/><DEVCLASS>ZISU_BILLING</DEVCLASS><GENFLAG/><DLVUNIT>HOME</DLVUNIT><REF_APPL_COMPONENT>IS-U-BI</REF_APPL_COMPONENT></item><item><REF_OBJ_TYPE>FUGX</REF_OBJ_TYPE><REF_OBJ_NAME>XBI1</REF_OBJ_NAME><REF_SUB_TYPE>FUNC</REF_SUB_TYPE><REF_SUB_NAME>EXIT_SAPLEA00_001</REF_SUB_NAME><REF_INT_TYPE/><REF_INT_NAME/><OBJ_TYPE>CMOD</OBJ_TYPE><OBJ_NAME>ZISUCALC</OBJ_NAME><SUB_TYPE/><SUB_NAME/><INCLUDE_NAME/><DEVCLASS>ZISU_BILLING</DEVCLASS><GENFLAG/><DLVUNIT>HOME</DLVUNIT><REF_APPL_COMPONENT/></item><item><REF_OBJ_TYPE>FUGR</REF_OBJ_TYPE><REF_OBJ_NAME>EA00</REF_OBJ_NAME><REF_SUB_TYPE/><REF_SUB_NAME/><REF_INT_TYPE/><REF_INT_NAME/><OBJ_TYPE>CMOD</OBJ_TYPE><OBJ_NAME>ZISUCALC</OBJ_NAME><SUB_TYPE/><SUB_NAME/><INCLUDE_NAME/><DEVCLASS>ZISU_BILLING</DEVCLASS><GENFLAG/><DLVUNIT>HOME</DLVUNIT><REF_APPL_COMPONENT>IS-U-BI</REF_APPL_COMPONENT></item><item><REF_OBJ_TYPE>SMOD</REF_OBJ_TYPE><REF_OBJ_NAME>ECONNOBJ</REF_OBJ_NAME><REF_SUB_TYPE/><REF_SUB_NAME/><REF_INT_TYPE/><REF_INT_NAME/><OBJ_TYPE>CMOD</OBJ_TYPE><OBJ_NAME>ZISUDAT</OBJ_NAME><SUB_TYPE/><SUB_NAME/><INCLUDE_NAME/><DEVCLASS>ZISU00</DEVCLASS><GENFLAG/><DLVUNIT>HOME</DLVUNIT><REF_APPL_COMPONENT>IS-U-MD</REF_APPL_COMPONENT></item><item><REF_OBJ_TYPE>FUGX</REF_OBJ_TYPE><REF_OBJ_NAME>XES55</REF_OBJ_NAME><REF_SUB_TYPE>FUNC</REF_SUB_TYPE><REF_SUB_NAME>EXIT_SAPLES55_001</REF_SUB_NAME><REF_INT_TYPE/><REF_INT_NAME/><OBJ_TYPE>CMOD</OBJ_TYPE><OBJ_NAME>ZISUDAT</OBJ_NAME><SUB_TYPE/><SUB_NAME/><INCLUDE_NAME/><DEVCLASS>ZISU00</DEVCLASS><GENFLAG/><DLVUNIT>HOME</DLVUNIT><REF_APPL_COMPONENT/></item><item><REF_OBJ_TYPE>FUGR</REF_OBJ_TYPE><REF_OBJ_NAME>ES55</REF_OBJ_NAME><REF_SUB_TYPE/><REF_SUB_NAME/><REF_INT_TYPE/><REF_INT_NAME/><OBJ_TYPE>CMOD</OBJ_TYPE><OBJ_NAME>ZISUDAT</OBJ_NAME><SUB_TYPE/><SUB_NAME/><INCLUDE_NAME/><DEVCLASS>ZISU00</DEVCLASS><GENFLAG/><DLVUNIT>HOME</DLVUNIT><REF_APPL_COMPONENT>IS-U-MD</REF_APPL_COMPONENT></item><item><REF_OBJ_TYPE>SMOD</REF_OBJ_TYPE><REF_OBJ_NAME>EDMDI001</REF_OBJ_NAME><REF_SUB_TYPE/><REF_SUB_NAME/><REF_INT_TYPE/><REF_INT_NAME/><OBJ_TYPE>CMOD</OBJ_TYPE><OBJ_NAME>ZISUDAT</OBJ_NAME><SUB_TYPE/><SUB_NAME/><INCLUDE_NAME/><DEVCLASS>ZISU00</DEVCLASS><GENFLAG/><DLVUNIT>HOME</DLVUNIT><REF_APPL_COMPONENT>IS-U-DM-DI</REF_APPL_COMPONENT></item><item><REF_OBJ_TYPE>FUGX</REF_OBJ_TYPE><REF_OBJ_NAME>XE07</REF_OBJ_NAME><REF_SUB_TYPE>FUNC</REF_SUB_TYPE><REF_SUB_NAME>EXIT_SAPLE30D_001</REF_SUB_NAME><REF_INT_TYPE/><REF_INT_NAME/><OBJ_TYPE>CMOD</OBJ_TYPE><OBJ_NAME>ZISUDAT</OBJ_NAME><SUB_TYPE/><SUB_NAME/><INCLUDE_NAME/><DEVCLASS>ZISU00</DEVCLASS><GENFLAG/><DLVUNIT>HOME</DLVUNIT><REF_APPL_COMPONENT/></item><item><REF_OBJ_TYPE>FUGR</REF_OBJ_TYPE><REF_OBJ_NAME>E30D</REF_OBJ_NAME><REF_SUB_TYPE/><REF_SUB_NAME/><REF_INT_TYPE/><REF_INT_NAME/><OBJ_TYPE>CMOD</OBJ_TYPE><OBJ_NAME>ZISUDAT</OBJ_NAME><SUB_TYPE/><SUB_NAME/><INCLUDE_NAME/><DEVCLASS>ZISU00</DEVCLASS><GENFLAG/><DLVUNIT>HOME</DLVUNIT><REF_APPL_COMPONENT>IS-U-DM-DI</REF_APPL_COMPONENT></item><item><REF_OBJ_TYPE>SMOD</REF_OBJ_TYPE><REF_OBJ_NAME>EDMDI002</REF_OBJ_NAME><REF_SUB_TYPE/><REF_SUB_NAME/><REF_INT_TYPE/><REF_INT_NAME/><OBJ_TYPE>CMOD</OBJ_TYPE><OBJ_NAME>ZISUDAT</OBJ_NAME><SUB_TYPE/><SUB_NAME/><INCLUDE_NAME/><DEVCLASS>ZISU00</DEVCLASS><GENFLAG/><DLVUNIT>HOME</DLVUNIT><REF_APPL_COMPONENT>IS-U-DM-DI</REF_APPL_COMPONENT></item><item><REF_OBJ_TYPE>FUGX</REF_OBJ_TYPE><REF_OBJ_NAME>XE07</REF_OBJ_NAME><REF_SUB_TYPE>FUNC</REF_SUB_TYPE><REF_SUB_NAME>EXIT_SAPLE30D_002</REF_SUB_NAME><REF_INT_TYPE/><REF_INT_NAME/><OBJ_TYPE>CMOD</OBJ_TYPE><OBJ_NAME>ZISUDAT</OBJ_NAME><SUB_TYPE/><SUB_NAME/><INCLUDE_NAME/><DEVCLASS>ZISU00</DEVCLASS><GENFLAG/><DLVUNIT>HOME</DLVUNIT><REF_APPL_COMPONENT/></item><item><REF_OBJ_TYPE>FUGR</REF_OBJ_TYPE><REF_OBJ_NAME>E30D</REF_OBJ_NAME><REF_SUB_TYPE/><REF_SUB_NAME/><REF_INT_TYPE/><REF_INT_NAME/><OBJ_TYPE>CMOD</OBJ_TYPE><OBJ_NAME>ZISUDAT</OBJ_NAME><SUB_TYPE/><SUB_NAME/><INCLUDE_NAME/><DEVCLASS>ZISU00</DEVCLASS><GENFLAG/><DLVUNIT>HOME</DLVUNIT><REF_APPL_COMPONENT>IS-U-DM-DI</REF_APPL_COMPONENT></item><item><REF_OBJ_TYPE>SMOD</REF_OBJ_TYPE><REF_OBJ_NAME>EDMDI003</REF_OBJ_NAME><REF_SUB_TYPE/><REF_SUB_NAME/><REF_INT_TYPE/><REF_INT_NAME/><OBJ_TYPE>CMOD</OBJ_TYPE><OBJ_NAME>ZISUDAT</OBJ_NAME><SUB_TYPE/><SUB_NAME/><INCLUDE_NAME/><DEVCLASS>ZISU00</DEVCLASS><GENFLAG/><DLVUNIT>HOME</DLVUNIT><REF_APPL_COMPONENT>IS-U-DM-DI</REF_APPL_COMPONENT></item><item><REF_OBJ_TYPE>SMOD</REF_OBJ_TYPE><REF_OBJ_NAME>EMDI0001</REF_OBJ_NAME><REF_SUB_TYPE/><REF_SUB_NAME/><REF_INT_TYPE/><REF_INT_NAME/><OBJ_TYPE>CMOD</OBJ_TYPE><OBJ_NAME>ZISUDAT</OBJ_NAME><SUB_TYPE/><SUB_NAME/><INCLUDE_NAME/><DEVCLASS>ZISU00</DEVCLASS><GENFLAG/><DLVUNIT>HOME</DLVUNIT><REF_APPL_COMPONENT>IS-U-MD</REF_APPL_COMPONENT></item><item><REF_OBJ_TYPE>FUGX</REF_OBJ_TYPE><REF_OBJ_NAME>XES30</REF_OBJ_NAME><REF_SUB_TYPE>FUNC</REF_SUB_TYPE><REF_SUB_NAME>EXIT_SAPLES30_002</REF_SUB_NAME><REF_INT_TYPE/><REF_INT_NAME/><OBJ_TYPE>CMOD</OBJ_TYPE><OBJ_NAME>ZISUDAT</OBJ_NAME><SUB_TYPE/><SUB_NAME/><INCLUDE_NAME/><DEVCLASS>ZISU00</DEVCLASS><GENFLAG/><DLVUNIT>HOME</DLVUNIT><REF_APPL_COMPONENT/></item><item><REF_OBJ_TYPE>FUGX</REF_OBJ_TYPE><REF_OBJ_NAME>XES30</REF_OBJ_NAME><REF_SUB_TYPE>FUNC</REF_SUB_TYPE><REF_SUB_NAME>EXIT_SAPLES30_007</REF_SUB_NAME><REF_INT_TYPE/><REF_INT_NAME/><OBJ_TYPE>CMOD</OBJ_TYPE><OBJ_NAME>ZISUDAT</OBJ_NAME><SUB_TYPE/><SUB_NAME/><INCLUDE_NAME/><DEVCLASS>ZISU00</DEVCLASS><GENFLAG/><DLVUNIT>HOME</DLVUNIT><REF_APPL_COMPONENT/></item><item><REF_OBJ_TYPE>FUGR</REF_OBJ_TYPE><REF_OBJ_NAME>ES30</REF_OBJ_NAME><REF_SUB_TYPE/><REF_SUB_NAME/><REF_INT_TYPE/><REF_INT_NAME/><OBJ_TYPE>CMOD</OBJ_TYPE><OBJ_NAME>ZISUDAT</OBJ_NAME><SUB_TYPE/><SUB_NAME/><INCLUDE_NAME/><DEVCLASS>ZISU00</DEVCLASS><GENFLAG/><DLVUNIT>HOME</DLVUNIT><REF_APPL_COMPONENT>IS-U-MD</REF_APPL_COMPONENT></item><item><REF_OBJ_TYPE>FUGR</REF_OBJ_TYPE><REF_OBJ_NAME>ES30</REF_OBJ_NAME><REF_SUB_TYPE>DYNP</REF_SUB_TYPE><REF_SUB_NAME>SAPLES30                                0201</REF_SUB_NAME><REF_INT_TYPE/><REF_INT_NAME/><OBJ_TYPE>CMOD</OBJ_TYPE><OBJ_NAME>ZISUDAT</OBJ_NAME><SUB_TYPE/><SUB_NAME/><INCLUDE_NAME/><DEVCLASS>ZISU00</DEVCLASS><GENFLAG/><DLVUNIT>HOME</DLVUNIT><REF_APPL_COMPONENT>IS-U-MD</REF_APPL_COMPONENT></item><item><REF_OBJ_TYPE>SMOD</REF_OBJ_TYPE><REF_OBJ_NAME>ES550001</REF_OBJ_NAME><REF_SUB_TYPE/><REF_SUB_NAME/><REF_INT_TYPE/><REF_INT_NAME/><OBJ_TYPE>CMOD</OBJ_TYPE><OBJ_NAME>ZISUDAT</OBJ_NAME><SUB_TYPE/><SUB_NAME/><INCLUDE_NAME/><DEVCLASS>ZISU00</DEVCLASS><GENFLAG/><DLVUNIT>HOME</DLVUNIT><REF_APPL_COMPONENT>IS-U-MD</REF_APPL_COMPONENT></item><item><REF_OBJ_TYPE>FUGX</REF_OBJ_TYPE><REF_OBJ_NAME>XES55</REF_OBJ_NAME><REF_SUB_TYPE>FUNC</REF_SUB_TYPE><REF_SUB_NAME>EXIT_SAPLES55_002</REF_SUB_NAME><REF_INT_TYPE/><REF_INT_NAME/><OBJ_TYPE>CMOD</OBJ_TYPE><OBJ_NAME>ZISUDAT</OBJ_NAME><SUB_TYPE/><SUB_NAME/><INCLUDE_NAME/><DEVCLASS>ZISU00</DEVCLASS><GENFLAG/><DLVUNIT>HOME</DLVUNIT><REF_APPL_COMPONENT/></item><item><REF_OBJ_TYPE>FUGX</REF_OBJ_TYPE><REF_OBJ_NAME>XES55</REF_OBJ_NAME><REF_SUB_TYPE>FUNC</REF_SUB_TYPE><REF_SUB_NAME>EXIT_SAPLES55_003</REF_SUB_NAME><REF_INT_TYPE/><REF_INT_NAME/><OBJ_TYPE>CMOD</OBJ_TYPE><OBJ_NAME>ZISUDAT</OBJ_NAME><SUB_TYPE/><SUB_NAME/><INCLUDE_NAME/><DEVCLASS>ZISU00</DEVCLASS><GENFLAG/><DLVUNIT>HOME</DLVUNIT><REF_APPL_COMPONENT/></item><item><REF_OBJ_TYPE>FUGX</REF_OBJ_TYPE><REF_OBJ_NAME>XES55</REF_OBJ_NAME><REF_SUB_TYPE>FUNC</REF_SUB_TYPE><REF_SUB_NAME>EXIT_SAPLES55_004</REF_SUB_NAME><REF_INT_TYPE/><REF_INT_NAME/><OBJ_TYPE>CMOD</OBJ_TYPE><OBJ_NAME>ZISUDAT</OBJ_NAME><SUB_TYPE/><SUB_NAME/><INCLUDE_NAME/><DEVCLASS>ZISU00</DEVCLASS><GENFLAG/><DLVUNIT>HOME</DLVUNIT><REF_APPL_COMPONENT/></item><item><REF_OBJ_TYPE>FUGX</REF_OBJ_TYPE><REF_OBJ_NAME>XES55</REF_OBJ_NAME><REF_SUB_TYPE>FUNC</REF_SUB_TYPE><REF_SUB_NAME>EXIT_SAPLES55_005</REF_SUB_NAME><REF_INT_TYPE/><REF_INT_NAME/><OBJ_TYPE>CMOD</OBJ_TYPE><OBJ_NAME>ZISUDAT</OBJ_NAME><SUB_TYPE/><SUB_NAME/><INCLUDE_NAME/><DEVCLASS>ZISU00</DEVCLASS><GENFLAG/><DLVUNIT>HOME</DLVUNIT><REF_APPL_COMPONENT/></item><item><REF_OBJ_TYPE>FUGX</REF_OBJ_TYPE><REF_OBJ_NAME>XES55</REF_OBJ_NAME><REF_SUB_TYPE>FUNC</REF_SUB_TYPE><REF_SUB_NAME>EXIT_SAPLES55_007</REF_SUB_NAME><REF_INT_TYPE/><REF_INT_NAME/><OBJ_TYPE>CMOD</OBJ_TYPE><OBJ_NAME>ZISUDAT</OBJ_NAME><SUB_TYPE/><SUB_NAME/><INCLUDE_NAME/><DEVCLASS>ZISU00</DEVCLASS><GENFLAG/><DLVUNIT>HOME</DLVUNIT><REF_APPL_COMPONENT/></item><item><REF_OBJ_TYPE>FUGR</REF_OBJ_TYPE><REF_OBJ_NAME>ES55</REF_OBJ_NAME><REF_SUB_TYPE/><REF_SUB_NAME/><REF_INT_TYPE/><REF_INT_NAME/><OBJ_TYPE>CMOD</OBJ_TYPE><OBJ_NAME>ZISUDAT</OBJ_NAME><SUB_TYPE/><SUB_NAME/><INCLUDE_NAME/><DEVCLASS>ZISU00</DEVCLASS><GENFLAG/><DLVUNIT>HOME</DLVUNIT><REF_APPL_COMPONENT>IS-U-MD</REF_APPL_COMPONENT></item><item><REF_OBJ_TYPE>FUGR</REF_OBJ_TYPE><REF_OBJ_NAME>ES55</REF_OBJ_NAME><REF_SUB_TYPE>DYNP</REF_SUB_TYPE><REF_SUB_NAME>SAPLES55                                0200</REF_SUB_NAME><REF_INT_TYPE/><REF_INT_NAME/><OBJ_TYPE>CMOD</OBJ_TYPE><OBJ_NAME>ZISUDAT</OBJ_NAME><SUB_TYPE/><SUB_NAME/><INCLUDE_NAME/><DEVCLASS>ZISU00</DEVCLASS><GENFLAG/><DLVUNIT>HOME</DLVUNIT><REF_APPL_COMPONENT>IS-U-MD</REF_APPL_COMPONENT></item><item><REF_OBJ_TYPE>SMOD</REF_OBJ_TYPE><REF_OBJ_NAME>ES650001</REF_OBJ_NAME><REF_SUB_TYPE/><REF_SUB_NAME/><REF_INT_TYPE/><REF_INT_NAME/><OBJ_TYPE>CMOD</OBJ_TYPE><OBJ_NAME>ZISUDAT</OBJ_NAME><SUB_TYPE/><SUB_NAME/><INCLUDE_NAME/><DEVCLASS>ZISU00</DEVCLASS><GENFLAG/><DLVUNIT>HOME</DLVUNIT><REF_APPL_COMPONENT>IS-U-MD</REF_APPL_COMPONENT></item><item><REF_OBJ_TYPE>FUGX</REF_OBJ_TYPE><REF_OBJ_NAME>XES65</REF_OBJ_NAME><REF_SUB_TYPE>FUNC</REF_SUB_TYPE><REF_SUB_NAME>EXIT_SAPLES65_001</REF_SUB_NAME><REF_INT_TYPE/><REF_INT_NAME/><OBJ_TYPE>CMOD</OBJ_TYPE><OBJ_NAME>ZISUDAT</OBJ_NAME><SUB_TYPE/><SUB_NAME/><INCLUDE_NAME/><DEVCLASS>ZISU00</DEVCLASS><GENFLAG/><DLVUNIT>HOME</DLVUNIT><REF_APPL_COMPONENT/></item><item><REF_OBJ_TYPE>FUGX</REF_OBJ_TYPE><REF_OBJ_NAME>XES65</REF_OBJ_NAME><REF_SUB_TYPE>FUNC</REF_SUB_TYPE><REF_SUB_NAME>EXIT_SAPLES65_002</REF_SUB_NAME><REF_INT_TYPE/><REF_INT_NAME/><OBJ_TYPE>CMOD</OBJ_TYPE><OBJ_NAME>ZISUDAT</OBJ_NAME><SUB_TYPE/><SUB_NAME/><INCLUDE_NAME/><DEVCLASS>ZISU00</DEVCLASS><GENFLAG/><DLVUNIT>HOME</DLVUNIT><REF_APPL_COMPONENT/></item><item><REF_OBJ_TYPE>FUGX</REF_OBJ_TYPE><REF_OBJ_NAME>XES65</REF_OBJ_NAME><REF_SUB_TYPE>FUNC</REF_SUB_TYPE><REF_SUB_NAME>EXIT_SAPLES65_003</REF_SUB_NAME><REF_INT_TYPE/><REF_INT_NAME/><OBJ_TYPE>CMOD</OBJ_TYPE><OBJ_NAME>ZISUDAT</OBJ_NAME><SUB_TYPE/><SUB_NAME/><INCLUDE_NAME/><DEVCLASS>ZISU00</DEVCLASS><GENFLAG/><DLVUNIT>HOME</DLVUNIT><REF_APPL_COMPONENT/></item><item><REF_OBJ_TYPE>FUGX</REF_OBJ_TYPE><REF_OBJ_NAME>XES65</REF_OBJ_NAME><REF_SUB_TYPE>FUNC</REF_SUB_TYPE><REF_SUB_NAME>EXIT_SAPLES65_004</REF_SUB_NAME><REF_INT_TYPE/><REF_INT_NAME/><OBJ_TYPE>CMOD</OBJ_TYPE><OBJ_NAME>ZISUDAT</OBJ_NAME><SUB_TYPE/><SUB_NAME/><INCLUDE_NAME/><DEVCLASS>ZISU00</DEVCLASS><GENFLAG/><DLVUNIT>HOME</DLVUNIT><REF_APPL_COMPONENT/></item><item><REF_OBJ_TYPE>FUGX</REF_OBJ_TYPE><REF_OBJ_NAME>XES65</REF_OBJ_NAME><REF_SUB_TYPE>FUNC</REF_SUB_TYPE><REF_SUB_NAME>EXIT_SAPLES65_005</REF_SUB_NAME><REF_INT_TYPE/><REF_INT_NAME/><OBJ_TYPE>CMOD</OBJ_TYPE><OBJ_NAME>ZISUDAT</OBJ_NAME><SUB_TYPE/><SUB_NAME/><INCLUDE_NAME/><DEVCLASS>ZISU00</DEVCLASS><GENFLAG/><DLVUNIT>HOME</DLVUNIT><REF_APPL_COMPONENT/></item><item><REF_OBJ_TYPE>FUGX</REF_OBJ_TYPE><REF_OBJ_NAME>XES65</REF_OBJ_NAME><REF_SUB_TYPE>FUNC</REF_SUB_TYPE><REF_SUB_NAME>EXIT_SAPLES65_006</REF_SUB_NAME><REF_INT_TYPE/><REF_INT_NAME/><OBJ_TYPE>CMOD</OBJ_TYPE><OBJ_NAME>ZISUDAT</OBJ_NAME><SUB_TYPE/><SUB_NAME/><INCLUDE_NAME/><DEVCLASS>ZISU00</DEVCLASS><GENFLAG/><DLVUNIT>HOME</DLVUNIT><REF_APPL_COMPONENT/></item><item><REF_OBJ_TYPE>FUGX</REF_OBJ_TYPE><REF_OBJ_NAME>XES65</REF_OBJ_NAME><REF_SUB_TYPE>FUNC</REF_SUB_TYPE><REF_SUB_NAME>EXIT_SAPLES65_007</REF_SUB_NAME><REF_INT_TYPE/><REF_INT_NAME/><OBJ_TYPE>CMOD</OBJ_TYPE><OBJ_NAME>ZISUDAT</OBJ_NAME><SUB_TYPE/><SUB_NAME/><INCLUDE_NAME/><DEVCLASS>ZISU00</DEVCLASS><GENFLAG/><DLVUNIT>HOME</DLVUNIT><REF_APPL_COMPONENT/></item><item><REF_OBJ_TYPE>FUGX</REF_OBJ_TYPE><REF_OBJ_NAME>XES65</REF_OBJ_NAME><REF_SUB_TYPE>FUNC</REF_SUB_TYPE><REF_SUB_NAME>EXIT_SAPLES65_008</REF_SUB_NAME><REF_INT_TYPE/><REF_INT_NAME/><OBJ_TYPE>CMOD</OBJ_TYPE><OBJ_NAME>ZISUDAT</OBJ_NAME><SUB_TYPE/><SUB_NAME/><INCLUDE_NAME/><DEVCLASS>ZISU00</DEVCLASS><GENFLAG/><DLVUNIT>HOME</DLVUNIT><REF_APPL_COMPONENT/></item><item><REF_OBJ_TYPE>FUGX</REF_OBJ_TYPE><REF_OBJ_NAME>XES65</REF_OBJ_NAME><REF_SUB_TYPE>FUNC</REF_SUB_TYPE><REF_SUB_NAME>EXIT_SAPLES65_009</REF_SUB_NAME><REF_INT_TYPE/><REF_INT_NAME/><OBJ_TYPE>CMOD</OBJ_TYPE><OBJ_NAME>ZISUDAT</OBJ_NAME><SUB_TYPE/><SUB_NAME/><INCLUDE_NAME/><DEVCLASS>ZISU00</DEVCLASS><GENFLAG/><DLVUNIT>HOME</DLVUNIT><REF_APPL_COMPONENT/></item><item><REF_OBJ_TYPE>FUGX</REF_OBJ_TYPE><REF_OBJ_NAME>XES65</REF_OBJ_NAME><REF_SUB_TYPE>FUNC</REF_SUB_TYPE><REF_SUB_NAME>EXIT_SAPLES65_010</REF_SUB_NAME><REF_INT_TYPE/><REF_INT_NAME/><OBJ_TYPE>CMOD</OBJ_TYPE><OBJ_NAME>ZISUDAT</OBJ_NAME><SUB_TYPE/><SUB_NAME/><INCLUDE_NAME/><DEVCLASS>ZISU00</DEVCLASS><GENFLAG/><DLVUNIT>HOME</DLVUNIT><REF_APPL_COMPONENT/></item><item><REF_OBJ_TYPE>FUGR</REF_OBJ_TYPE><REF_OBJ_NAME>ES65</REF_OBJ_NAME><REF_SUB_TYPE/><REF_SUB_NAME/><REF_INT_TYPE/><REF_INT_NAME/><OBJ_TYPE>CMOD</OBJ_TYPE><OBJ_NAME>ZISUDAT</OBJ_NAME><SUB_TYPE/><SUB_NAME/><INCLUDE_NAME/><DEVCLASS>ZISU00</DEVCLASS><GENFLAG/><DLVUNIT>HOME</DLVUNIT><REF_APPL_COMPONENT>IS-U-MD</REF_APPL_COMPONENT></item><item><REF_OBJ_TYPE>FUGR</REF_OBJ_TYPE><REF_OBJ_NAME>ES65</REF_OBJ_NAME><REF_SUB_TYPE>DYNP</REF_SUB_TYPE><REF_SUB_NAME>SAPLES65                                0200</REF_SUB_NAME><REF_INT_TYPE/><REF_INT_NAME/><OBJ_TYPE>CMOD</OBJ_TYPE><OBJ_NAME>ZISUDAT</OBJ_NAME><SUB_TYPE/><SUB_NAME/><INCLUDE_NAME/><DEVCLASS>ZISU00</DEVCLASS><GENFLAG/><DLVUNIT>HOME</DLVUNIT><REF_APPL_COMPONENT>IS-U-MD</REF_APPL_COMPONENT></item><item><REF_OBJ_TYPE>SMOD</REF_OBJ_TYPE><REF_OBJ_NAME>IEQM0003</REF_OBJ_NAME><REF_SUB_TYPE/><REF_SUB_NAME/><REF_INT_TYPE/><REF_INT_NAME/><OBJ_TYPE>CMOD</OBJ_TYPE><OBJ_NAME>ZISUDAT</OBJ_NAME><SUB_TYPE/><SUB_NAME/><INCLUDE_NAME/><DEVCLASS>ZISU00</DEVCLASS><GENFLAG/><DLVUNIT>HOME</DLVUNIT><REF_APPL_COMPONENT>PM-EQM-EQ</REF_APPL_COMPONENT></item><item><REF_OBJ_TYPE>FUGX</REF_OBJ_TYPE><REF_OBJ_NAME>XEQM</REF_OBJ_NAME><REF_SUB_TYPE>FUNC</REF_SUB_TYPE><REF_SUB_NAME>EXIT_SAPMIEQ0_001</REF_SUB_NAME><REF_INT_TYPE/><REF_INT_NAME/><OBJ_TYPE>CMOD</OBJ_TYPE><OBJ_NAME>ZISUDAT</OBJ_NAME><SUB_TYPE/><SUB_NAME/><INCLUDE_NAME/><DEVCLASS>ZISU00</DEVCLASS><GENFLAG/><DLVUNIT>HOME</DLVUNIT><REF_APPL_COMPONENT/></item><item><REF_OBJ_TYPE>PROG</REF_OBJ_TYPE><REF_OBJ_NAME>SAPMIEQ0</REF_OBJ_NAME><REF_SUB_TYPE/><REF_SUB_NAME/><REF_INT_TYPE/><REF_INT_NAME/><OBJ_TYPE>CMOD</OBJ_TYPE><OBJ_NAME>ZISUDAT</OBJ_NAME><SUB_TYPE/><SUB_NAME/><INCLUDE_NAME/><DEVCLASS>ZISU00</DEVCLASS><GENFLAG/><DLVUNIT>HOME</DLVUNIT><REF_APPL_COMPONENT>PM-EQM-EQ</REF_APPL_COMPONENT></item><item><REF_OBJ_TYPE>SMOD</REF_OBJ_TYPE><REF_OBJ_NAME>EDMLOT02</REF_OBJ_NAME><REF_SUB_TYPE/><REF_SUB_NAME/><REF_INT_TYPE/><REF_INT_NAME/><OBJ_TYPE>CMOD</OBJ_TYPE><OBJ_NAME>ZISUDEV</OBJ_NAME><SUB_TYPE/><SUB_NAME/><INCLUDE_NAME/><DEVCLASS>ZISU_UE_DEV</DEVCLASS><GENFLAG/><DLVUNIT>HOME</DLVUNIT><REF_APPL_COMPONENT>IS-U-DM</REF_APPL_COMPONENT></item><item><REF_OBJ_TYPE>FUGX</REF_OBJ_TYPE><REF_OBJ_NAME>X10T</REF_OBJ_NAME><REF_SUB_TYPE>FUNC</REF_SUB_TYPE><REF_SUB_NAME>EXIT_SAPLE10M_002</REF_SUB_NAME><REF_INT_TYPE/><REF_INT_NAME/><OBJ_TYPE>CMOD</OBJ_TYPE><OBJ_NAME>ZISUDEV</OBJ_NAME><SUB_TYPE/><SUB_NAME/><INCLUDE_NAME/><DEVCLASS>ZISU_UE_DEV</DEVCLASS><GENFLAG/><DLVUNIT>HOME</DLVUNIT><REF_APPL_COMPONENT/></item><item><REF_OBJ_TYPE>FUGR</REF_OBJ_TYPE><REF_OBJ_NAME>E10M</REF_OBJ_NAME><REF_SUB_TYPE/><REF_SUB_NAME/><REF_INT_TYPE/><REF_INT_NAME/><OBJ_TYPE>CMOD</OBJ_TYPE><OBJ_NAME>ZISUDEV</OBJ_NAME><SUB_TYPE/><SUB_NAME/><INCLUDE_NAME/><DEVCLASS>ZISU_UE_DEV</DEVCLASS><GENFLAG/><DLVUNIT>HOME</DLVUNIT><REF_APPL_COMPONENT>IS-U-DM</REF_APPL_COMPONENT></item><item><REF_OBJ_TYPE>SMOD</REF_OBJ_TYPE><REF_OBJ_NAME>EIN0001</REF_OBJ_NAME><REF_SUB_TYPE/><REF_SUB_NAME/><REF_INT_TYPE/><REF_INT_NAME/><OBJ_TYPE>CMOD</OBJ_TYPE><OBJ_NAME>ZISUFATT</OBJ_NAME><SUB_TYPE/><SUB_NAME/><INCLUDE_NAME/><DEVCLASS>ZISU00</DEVCLASS><GENFLAG/><DLVUNIT>HOME</DLVUNIT><REF_APPL_COMPONENT>IS-U-IN</REF_APPL_COMPONENT></item><item><REF_OBJ_TYPE>FUGX</REF_OBJ_TYPE><REF_OBJ_NAME>XEE22</REF_OBJ_NAME><REF_SUB_TYPE>FUNC</REF_SUB_TYPE><REF_SUB_NAME>EXIT_REAPRIN0_001</REF_SUB_NAME><REF_INT_TYPE/><REF_INT_NAME/><OBJ_TYPE>CMOD</OBJ_TYPE><OBJ_NAME>ZISUFATT</OBJ_NAME><SUB_TYPE/><SUB_NAME/><INCLUDE_NAME/><DEVCLASS>ZISU00</DEVCLASS><GENFLAG/><DLVUNIT>HOME</DLVUNIT><REF_APPL_COMPONENT/></item><item><REF_OBJ_TYPE>FUGX</REF_OBJ_TYPE><REF_OBJ_NAME>XEE22</REF_OBJ_NAME><REF_SUB_TYPE>FUNC</REF_SUB_TYPE><REF_SUB_NAME>EXIT_REAPRIN2_001</REF_SUB_NAME><REF_INT_TYPE/><REF_INT_NAME/><OBJ_TYPE>CMOD</OBJ_TYPE><OBJ_NAME>ZISUFATT</OBJ_NAME><SUB_TYPE/><SUB_NAME/><INCLUDE_NAME/><DEVCLASS>ZISU00</DEVCLASS><GENFLAG/><DLVUNIT>HOME</DLVUNIT><REF_APPL_COMPONENT/></item><item><REF_OBJ_TYPE>PROG</REF_OBJ_TYPE><REF_OBJ_NAME>REAPRIN0</REF_OBJ_NAME><REF_SUB_TYPE/><REF_SUB_NAME/><REF_INT_TYPE/><REF_INT_NAME/><OBJ_TYPE>CMOD</OBJ_TYPE><OBJ_NAME>ZISUFATT</OBJ_NAME><SUB_TYPE/><SUB_NAME/><INCLUDE_NAME/><DEVCLASS>ZISU00</DEVCLASS><GENFLAG/><DLVUNIT>HOME</DLVUNIT><REF_APPL_COMPONENT>IS-U-IN</REF_APPL_COMPONENT></item><item><REF_OBJ_TYPE>PROG</REF_OBJ_TYPE><REF_OBJ_NAME>REAPRIN2</REF_OBJ_NAME><REF_SUB_TYPE/><REF_SUB_NAME/><REF_INT_TYPE/><REF_INT_NAME/><OBJ_TYPE>CMOD</OBJ_TYPE><OBJ_NAME>ZISUFATT</OBJ_NAME><SUB_TYPE/><SUB_NAME/><INCLUDE_NAME/><DEVCLASS>ZISU00</DEVCLASS><GENFLAG/><DLVUNIT>HOME</DLVUNIT><REF_APPL_COMPONENT>IS-U-IN</REF_APPL_COMPONENT></item><item><REF_OBJ_TYPE>SMOD</REF_OBJ_TYPE><REF_OBJ_NAME>ESTA0001</REF_OBJ_NAME><REF_SUB_TYPE/><REF_SUB_NAME/><REF_INT_TYPE/><REF_INT_NAME/><OBJ_TYPE>CMOD</OBJ_TYPE><OBJ_NAME>ZISUFATT</OBJ_NAME><SUB_TYPE/><SUB_NAME/><INCLUDE_NAME/><DEVCLASS>ZISU00</DEVCLASS><GENFLAG/><DLVUNIT>HOME</DLVUNIT><REF_APPL_COMPONENT>IS-U-IS-ST</REF_APPL_COMPONENT></item><item><REF_OBJ_TYPE>FUGX</REF_OBJ_TYPE><REF_OBJ_NAME>XE70E</REF_OBJ_NAME><REF_SUB_TYPE>FUNC</REF_SUB_TYPE><REF_SUB_NAME>EXIT_SAPLE70E_001</REF_SUB_NAME><REF_INT_TYPE/><REF_INT_NAME/><OBJ_TYPE>CMOD</OBJ_TYPE><OBJ_NAME>ZISUFATT</OBJ_NAME><SUB_TYPE/><SUB_NAME/><INCLUDE_NAME/><DEVCLASS>ZISU00</DEVCLASS><GENFLAG/><DLVUNIT>HOME</DLVUNIT><REF_APPL_COMPONENT/></item><item><REF_OBJ_TYPE>FUGR</REF_OBJ_TYPE><REF_OBJ_NAME>E70E</REF_OBJ_NAME><REF_SUB_TYPE/><REF_SUB_NAME/><REF_INT_TYPE/><REF_INT_NAME/><OBJ_TYPE>CMOD</OBJ_TYPE><OBJ_NAME>ZISUFATT</OBJ_NAME><SUB_TYPE/><SUB_NAME/><INCLUDE_NAME/><DEVCLASS>ZISU00</DEVCLASS><GENFLAG/><DLVUNIT>HOME</DLVUNIT><REF_APPL_COMPONENT>IS-U-IS-ST</REF_APPL_COMPONENT></item><item><REF_OBJ_TYPE>SMOD</REF_OBJ_TYPE><REF_OBJ_NAME>EDMLELSV</REF_OBJ_NAME><REF_SUB_TYPE/><REF_SUB_NAME/><REF_INT_TYPE/><REF_INT_NAME/><OBJ_TYPE>CMOD</OBJ_TYPE><OBJ_NAME>ZISUMDE</OBJ_NAME><SUB_TYPE/><SUB_NAME/><INCLUDE_NAME/><DEVCLASS>ZISU_UE_MDE</DEVCLASS><GENFLAG/><DLVUNIT>HOME</DLVUNIT><REF_APPL_COMPONENT>IS-U-DM-MR</REF_APPL_COMPONENT></item><item><REF_OBJ_TYPE>FUGX</REF_OBJ_TYPE><REF_OBJ_NAME>XEL1</REF_OBJ_NAME><REF_SUB_TYPE>FUNC</REF_SUB_TYPE><REF_SUB_NAME>EXIT_SAPLELSV_001</REF_SUB_NAME><REF_INT_TYPE/><REF_INT_NAME/><OBJ_TYPE>CMOD</OBJ_TYPE><OBJ_NAME>ZISUMDE</OBJ_NAME><SUB_TYPE/><SUB_NAME/><INCLUDE_NAME/><DEVCLASS>ZISU_UE_MDE</DEVCLASS><GENFLAG/><DLVUNIT>HOME</DLVUNIT><REF_APPL_COMPONENT/></item><item><REF_OBJ_TYPE>FUGR</REF_OBJ_TYPE><REF_OBJ_NAME>ELSV</REF_OBJ_NAME><REF_SUB_TYPE/><REF_SUB_NAME/><REF_INT_TYPE/><REF_INT_NAME/><OBJ_TYPE>CMOD</OBJ_TYPE><OBJ_NAME>ZISUMDE</OBJ_NAME><SUB_TYPE/><SUB_NAME/><INCLUDE_NAME/><DEVCLASS>ZISU_UE_MDE</DEVCLASS><GENFLAG/><DLVUNIT>HOME</DLVUNIT><REF_APPL_COMPONENT/></item><item><REF_OBJ_TYPE>SMOD</REF_OBJ_TYPE><REF_OBJ_NAME>EDMMR001</REF_OBJ_NAME><REF_SUB_TYPE/><REF_SUB_NAME/><REF_INT_TYPE/><REF_INT_NAME/><OBJ_TYPE>CMOD</OBJ_TYPE><OBJ_NAME>ZISUMDE</OBJ_NAME><SUB_TYPE/><SUB_NAME/><INCLUDE_NAME/><DEVCLASS>ZISU_UE_MDE</DEVCLASS><GENFLAG/><DLVUNIT>HOME</DLVUNIT><REF_APPL_COMPONENT>IS-U-DM-MR</REF_APPL_COMPONENT></item><item><REF_OBJ_TYPE>FUGX</REF_OBJ_TYPE><REF_OBJ_NAME>XELX</REF_OBJ_NAME><REF_SUB_TYPE>FUNC</REF_SUB_TYPE><REF_SUB_NAME>EXIT_SAPLEL01_010</REF_SUB_NAME><REF_INT_TYPE/><REF_INT_NAME/><OBJ_TYPE>CMOD</OBJ_TYPE><OBJ_NAME>ZISUMDE</OBJ_NAME><SUB_TYPE/><SUB_NAME/><INCLUDE_NAME/><DEVCLASS>ZISU_UE_MDE</DEVCLASS><GENFLAG/><DLVUNIT>HOME</DLVUNIT><REF_APPL_COMPONENT/></item><item><REF_OBJ_TYPE>FUGR</REF_OBJ_TYPE><REF_OBJ_NAME>EL01</REF_OBJ_NAME><REF_SUB_TYPE/><REF_SUB_NAME/><REF_INT_TYPE/><REF_INT_NAME/><OBJ_TYPE>CMOD</OBJ_TYPE><OBJ_NAME>ZISUMDE</OBJ_NAME><SUB_TYPE/><SUB_NAME/><INCLUDE_NAME/><DEVCLASS>ZISU_UE_MDE</DEVCLASS><GENFLAG/><DLVUNIT>HOME</DLVUNIT><REF_APPL_COMPONENT>IS-U-DM-MR</REF_APPL_COMPONENT></item><item><REF_OBJ_TYPE>FUGR</REF_OBJ_TYPE><REF_OBJ_NAME>EL01</REF_OBJ_NAME><REF_SUB_TYPE>DYNP</REF_SUB_TYPE><REF_SUB_NAME>SAPLEL01                                0800</REF_SUB_NAME><REF_INT_TYPE/><REF_INT_NAME/><OBJ_TYPE>CMOD</OBJ_TYPE><OBJ_NAME>ZISUMDE</OBJ_NAME><SUB_TYPE/><SUB_NAME/><INCLUDE_NAME/><DEVCLASS>ZISU_UE_MDE</DEVCLASS><GENFLAG/><DLVUNIT>HOME</DLVUNIT><REF_APPL_COMPONENT>IS-U-DM-MR</REF_APPL_COMPONENT></item><item><REF_OBJ_TYPE>SMOD</REF_OBJ_TYPE><REF_OBJ_NAME>EDMEG901</REF_OBJ_NAME><REF_SUB_TYPE/><REF_SUB_NAME/><REF_INT_TYPE/><REF_INT_NAME/><OBJ_TYPE>CMOD</OBJ_TYPE><OBJ_NAME>ZISUPM</OBJ_NAME><SUB_TYPE/><SUB_NAME/><INCLUDE_NAME/><DEVCLASS>ZISU_UE_PM</DEVCLASS><GENFLAG/><DLVUNIT>HOME</DLVUNIT><REF_APPL_COMPONENT>IS-U-DM</REF_APPL_COMPONENT></item><item><REF_OBJ_TYPE>FUGX</REF_OBJ_TYPE><REF_OBJ_NAME>X10T</REF_OBJ_NAME><REF_SUB_TYPE>FUNC</REF_SUB_TYPE><REF_SUB_NAME>EXIT_REGWDR01_001</REF_SUB_NAME><REF_INT_TYPE/><REF_INT_NAME/><OBJ_TYPE>CMOD</OBJ_TYPE><OBJ_NAME>ZISUPM</OBJ_NAME><SUB_TYPE/><SUB_NAME/><INCLUDE_NAME/><DEVCLASS>ZISU_UE_PM</DEVCLASS><GENFLAG/><DLVUNIT>HOME</DLVUNIT><REF_APPL_COMPONENT/></item><item><REF_OBJ_TYPE>PROG</REF_OBJ_TYPE><REF_OBJ_NAME>REGWDR01</REF_OBJ_NAME><REF_SUB_TYPE/><REF_SUB_NAME/><REF_INT_TYPE/><REF_INT_NAME/><OBJ_TYPE>CMOD</OBJ_TYPE><OBJ_NAME>ZISUPM</OBJ_NAME><SUB_TYPE/><SUB_NAME/><INCLUDE_NAME/><DEVCLASS>ZISU_UE_PM</DEVCLASS><GENFLAG/><DLVUNIT>HOME</DLVUNIT><REF_APPL_COMPONENT>IS-U-DM</REF_APPL_COMPONENT></item><item><REF_OBJ_TYPE>SMOD</REF_OBJ_TYPE><REF_OBJ_NAME>EDMEG902</REF_OBJ_NAME><REF_SUB_TYPE/><REF_SUB_NAME/><REF_INT_TYPE/><REF_INT_NAME/><OBJ_TYPE>CMOD</OBJ_TYPE><OBJ_NAME>ZISUPM</OBJ_NAME><SUB_TYPE/><SUB_NAME/><INCLUDE_NAME/><DEVCLASS>ZISU_UE_PM</DEVCLASS><GENFLAG/><DLVUNIT>HOME</DLVUNIT><REF_APPL_COMPONENT>IS-U-DM</REF_APPL_COMPONENT></item><item><REF_OBJ_TYPE>FUGX</REF_OBJ_TYPE><REF_OBJ_NAME>X10T</REF_OBJ_NAME><REF_SUB_TYPE>FUNC</REF_SUB_TYPE><REF_SUB_NAME>EXIT_REGWDR01_002</REF_SUB_NAME><REF_INT_TYPE/><REF_INT_NAME/><OBJ_TYPE>CMOD</OBJ_TYPE><OBJ_NAME>ZISUPM</OBJ_NAME><SUB_TYPE/><SUB_NAME/><INCLUDE_NAME/><DEVCLASS>ZISU_UE_PM</DEVCLASS><GENFLAG/><DLVUNIT>HOME</DLVUNIT><REF_APPL_COMPONENT/></item><item><REF_OBJ_TYPE>PROG</REF_OBJ_TYPE><REF_OBJ_NAME>REGWDR01</REF_OBJ_NAME><REF_SUB_TYPE/><REF_SUB_NAME/><REF_INT_TYPE/><REF_INT_NAME/><OBJ_TYPE>CMOD</OBJ_TYPE><OBJ_NAME>ZISUPM</OBJ_NAME><SUB_TYPE/><SUB_NAME/><INCLUDE_NAME/><DEVCLASS>ZISU_UE_PM</DEVCLASS><GENFLAG/><DLVUNIT>HOME</DLVUNIT><REF_APPL_COMPONENT>IS-U-DM</REF_APPL_COMPONENT></item><item><REF_OBJ_TYPE>SMOD</REF_OBJ_TYPE><REF_OBJ_NAME>EDMLELSM</REF_OBJ_NAME><REF_SUB_TYPE/><REF_SUB_NAME/><REF_INT_TYPE/><REF_INT_NAME/><OBJ_TYPE>CMOD</OBJ_TYPE><OBJ_NAME>ZISUPM</OBJ_NAME><SUB_TYPE/><SUB_NAME/><INCLUDE_NAME/><DEVCLASS>ZISU_UE_PM</DEVCLASS><GENFLAG/><DLVUNIT>HOME</DLVUNIT><REF_APPL_COMPONENT>IS-U-DM-MR</REF_APPL_COMPONENT></item><item><REF_OBJ_TYPE>FUGX</REF_OBJ_TYPE><REF_OBJ_NAME>XELX</REF_OBJ_NAME><REF_SUB_TYPE>FUNC</REF_SUB_TYPE><REF_SUB_NAME>EXIT_SAPLEL01_001</REF_SUB_NAME><REF_INT_TYPE/><REF_INT_NAME/><OBJ_TYPE>CMOD</OBJ_TYPE><OBJ_NAME>ZISUPM</OBJ_NAME><SUB_TYPE/><SUB_NAME/><INCLUDE_NAME/><DEVCLASS>ZISU_UE_PM</DEVCLASS><GENFLAG/><DLVUNIT>HOME</DLVUNIT><REF_APPL_COMPONENT/></item><item><REF_OBJ_TYPE>FUGR</REF_OBJ_TYPE><REF_OBJ_NAME>EL01</REF_OBJ_NAME><REF_SUB_TYPE/><REF_SUB_NAME/><REF_INT_TYPE/><REF_INT_NAME/><OBJ_TYPE>CMOD</OBJ_TYPE><OBJ_NAME>ZISUPM</OBJ_NAME><SUB_TYPE/><SUB_NAME/><INCLUDE_NAME/><DEVCLASS>ZISU_UE_PM</DEVCLASS><GENFLAG/><DLVUNIT>HOME</DLVUNIT><REF_APPL_COMPONENT>IS-U-DM-MR</REF_APPL_COMPONENT></item><item><REF_OBJ_TYPE>SMOD</REF_OBJ_TYPE><REF_OBJ_NAME>EWMCRORD</REF_OBJ_NAME><REF_SUB_TYPE/><REF_SUB_NAME/><REF_INT_TYPE/><REF_INT_NAME/><OBJ_TYPE>CMOD</OBJ_TYPE><OBJ_NAME>ZISUPM</OBJ_NAME><SUB_TYPE/><SUB_NAME/><INCLUDE_NAME/><DEVCLASS>ZISU_UE_PM</DEVCLASS><GENFLAG/><DLVUNIT>HOME</DLVUNIT><REF_APPL_COMPONENT>IS-U-WM-PC</REF_APPL_COMPONENT></item><item><REF_OBJ_TYPE>FUGX</REF_OBJ_TYPE><REF_OBJ_NAME>XWO1ISU</REF_OBJ_NAME><REF_SUB_TYPE>FUNC</REF_SUB_TYPE><REF_SUB_NAME>EXIT_SAPLCOIH_100</REF_SUB_NAME><REF_INT_TYPE/><REF_INT_NAME/><OBJ_TYPE>CMOD</OBJ_TYPE><OBJ_NAME>ZISUPM</OBJ_NAME><SUB_TYPE/><SUB_NAME/><INCLUDE_NAME/><DEVCLASS>ZISU_UE_PM</DEVCLASS><GENFLAG/><DLVUNIT>HOME</DLVUNIT><REF_APPL_COMPONENT/></item><item><REF_OBJ_TYPE>FUGR</REF_OBJ_TYPE><REF_OBJ_NAME>COIH</REF_OBJ_NAME><REF_SUB_TYPE/><REF_SUB_NAME/><REF_INT_TYPE/><REF_INT_NAME/><OBJ_TYPE>CMOD</OBJ_TYPE><OBJ_NAME>ZISUPM</OBJ_NAME><SUB_TYPE/><SUB_NAME/><INCLUDE_NAME/><DEVCLASS>ZISU_UE_PM</DEVCLASS><GENFLAG/><DLVUNIT>HOME</DLVUNIT><REF_APPL_COMPONENT>PM-WOC-MH</REF_APPL_COMPONENT></item><item><REF_OBJ_TYPE>SMOD</REF_OBJ_TYPE><REF_OBJ_NAME>IWO10002</REF_OBJ_NAME><REF_SUB_TYPE/><REF_SUB_NAME/><REF_INT_TYPE/><REF_INT_NAME/><OBJ_TYPE>CMOD</OBJ_TYPE><OBJ_NAME>ZISUPM</OBJ_NAME><SUB_TYPE/><SUB_NAME/><INCLUDE_NAME/><DEVCLASS>ZISU_UE_PM</DEVCLASS><GENFLAG/><DLVUNIT>HOME</DLVUNIT><REF_APPL_COMPONENT/></item><item><REF_OBJ_TYPE>FUGX</REF_OBJ_TYPE><REF_OBJ_NAME>XWO1</REF_OBJ_NAME><REF_SUB_TYPE>FUNC</REF_SUB_TYPE><REF_SUB_NAME>EXIT_SAPLCOIH_002</REF_SUB_NAME><REF_INT_TYPE/><REF_INT_NAME/><OBJ_TYPE>CMOD</OBJ_TYPE><OBJ_NAME>ZISUPM</OBJ_NAME><SUB_TYPE/><SUB_NAME/><INCLUDE_NAME/><DEVCLASS>ZISU_UE_PM</DEVCLASS><GENFLAG/><DLVUNIT>HOME</DLVUNIT><REF_APPL_COMPONENT/></item><item><REF_OBJ_TYPE>FUGR</REF_OBJ_TYPE><REF_OBJ_NAME>COIH</REF_OBJ_NAME><REF_SUB_TYPE/><REF_SUB_NAME/><REF_INT_TYPE/><REF_INT_NAME/><OBJ_TYPE>CMOD</OBJ_TYPE><OBJ_NAME>ZISUPM</OBJ_NAME><SUB_TYPE/><SUB_NAME/><INCLUDE_NAME/><DEVCLASS>ZISU_UE_PM</DEVCLASS><GENFLAG/><DLVUNIT>HOME</DLVUNIT><REF_APPL_COMPONENT>PM-WOC-MH</REF_APPL_COMPONENT></item><item><REF_OBJ_TYPE>SMOD</REF_OBJ_TYPE><REF_OBJ_NAME>IWO10018</REF_OBJ_NAME><REF_SUB_TYPE/><REF_SUB_NAME/><REF_INT_TYPE/><REF_INT_NAME/><OBJ_TYPE>CMOD</OBJ_TYPE><OBJ_NAME>ZISUPM</OBJ_NAME><SUB_TYPE/><SUB_NAME/><INCLUDE_NAME/><DEVCLASS>ZISU_UE_PM</DEVCLASS><GENFLAG/><DLVUNIT>HOME</DLVUNIT><REF_APPL_COMPONENT>PM-WOC-MO</REF_APPL_COMPONENT></item><item><REF_OBJ_TYPE>FUGX</REF_OBJ_TYPE><REF_OBJ_NAME>XWOC</REF_OBJ_NAME><REF_SUB_TYPE>FUNC</REF_SUB_TYPE><REF_SUB_NAME>EXIT_SAPLCOIH_018</REF_SUB_NAME><REF_INT_TYPE/><REF_INT_NAME/><OBJ_TYPE>CMOD</OBJ_TYPE><OBJ_NAME>ZISUPM</OBJ_NAME><SUB_TYPE/><SUB_NAME/><INCLUDE_NAME/><DEVCLASS>ZISU_UE_PM</DEVCLASS><GENFLAG/><DLVUNIT>HOME</DLVUNIT><REF_APPL_COMPONENT>PM</REF_APPL_COMPONENT></item><item><REF_OBJ_TYPE>FUGX</REF_OBJ_TYPE><REF_OBJ_NAME>XWOC</REF_OBJ_NAME><REF_SUB_TYPE>FUNC</REF_SUB_TYPE><REF_SUB_NAME>EXIT_SAPLCOIH_019</REF_SUB_NAME><REF_INT_TYPE/><REF_INT_NAME/><OBJ_TYPE>CMOD</OBJ_TYPE><OBJ_NAME>ZISUPM</OBJ_NAME><SUB_TYPE/><SUB_NAME/><INCLUDE_NAME/><DEVCLASS>ZISU_UE_PM</DEVCLASS><GENFLAG/><DLVUNIT>HOME</DLVUNIT><REF_APPL_COMPONENT>PM</REF_APPL_COMPONENT></item><item><REF_OBJ_TYPE>FUGR</REF_OBJ_TYPE><REF_OBJ_NAME>COIH</REF_OBJ_NAME><REF_SUB_TYPE/><REF_SUB_NAME/><REF_INT_TYPE/><REF_INT_NAME/><OBJ_TYPE>CMOD</OBJ_TYPE><OBJ_NAME>ZISUPM</OBJ_NAME><SUB_TYPE/><SUB_NAME/><INCLUDE_NAME/><DEVCLASS>ZISU_UE_PM</DEVCLASS><GENFLAG/><DLVUNIT>HOME</DLVUNIT><REF_APPL_COMPONENT>PM-WOC-MH</REF_APPL_COMPONENT></item><item><REF_OBJ_TYPE>FUGR</REF_OBJ_TYPE><REF_OBJ_NAME>COIH</REF_OBJ_NAME><REF_SUB_TYPE>DYNP</REF_SUB_TYPE><REF_SUB_NAME>SAPLCOIH                                1180</REF_SUB_NAME><REF_INT_TYPE/><REF_INT_NAME/><OBJ_TYPE>CMOD</OBJ_TYPE><OBJ_NAME>ZISUPM</OBJ_NAME><SUB_TYPE/><SUB_NAME/><INCLUDE_NAME/><DEVCLASS>ZISU_UE_PM</DEVCLASS><GENFLAG/><DLVUNIT>HOME</DLVUNIT><REF_APPL_COMPONENT>PM-WOC-MH</REF_APPL_COMPONENT></item><item><REF_OBJ_TYPE>SMOD</REF_OBJ_TYPE><REF_OBJ_NAME>PPCO0001</REF_OBJ_NAME><REF_SUB_TYPE/><REF_SUB_NAME/><REF_INT_TYPE/><REF_INT_NAME/><OBJ_TYPE>CMOD</OBJ_TYPE><OBJ_NAME>ZISUPM</OBJ_NAME><SUB_TYPE/><SUB_NAME/><INCLUDE_NAME/><DEVCLASS>ZISU_UE_PM</DEVCLASS><GENFLAG/><DLVUNIT>HOME</DLVUNIT><REF_APPL_COMPONENT>PP-SFC</REF_APPL_COMPONENT></item><item><REF_OBJ_TYPE>FUGX</REF_OBJ_TYPE><REF_OBJ_NAME>XCO1</REF_OBJ_NAME><REF_SUB_TYPE>FUNC</REF_SUB_TYPE><REF_SUB_NAME>EXIT_SAPLCOBT_001</REF_SUB_NAME><REF_INT_TYPE/><REF_INT_NAME/><OBJ_TYPE>CMOD</OBJ_TYPE><OBJ_NAME>ZISUPM</OBJ_NAME><SUB_TYPE/><SUB_NAME/><INCLUDE_NAME/><DEVCLASS>ZISU_UE_PM</DEVCLASS><GENFLAG/><DLVUNIT>HOME</DLVUNIT><REF_APPL_COMPONENT/></item><item><REF_OBJ_TYPE>FUGR</REF_OBJ_TYPE><REF_OBJ_NAME>COBT</REF_OBJ_NAME><REF_SUB_TYPE/><REF_SUB_NAME/><REF_INT_TYPE/><REF_INT_NAME/><OBJ_TYPE>CMOD</OBJ_TYPE><OBJ_NAME>ZISUPM</OBJ_NAME><SUB_TYPE/><SUB_NAME/><INCLUDE_NAME/><DEVCLASS>ZISU_UE_PM</DEVCLASS><GENFLAG/><DLVUNIT>HOME</DLVUNIT><REF_APPL_COMPONENT>PP-SFC</REF_APPL_COMPONENT></item><item><REF_OBJ_TYPE>SMOD</REF_OBJ_TYPE><REF_OBJ_NAME>QQMA0001</REF_OBJ_NAME><REF_SUB_TYPE/><REF_SUB_NAME/><REF_INT_TYPE/><REF_INT_NAME/><OBJ_TYPE>CMOD</OBJ_TYPE><OBJ_NAME>ZISUPM</OBJ_NAME><SUB_TYPE/><SUB_NAME/><INCLUDE_NAME/><DEVCLASS>ZISU_UE_PM</DEVCLASS><GENFLAG/><DLVUNIT>HOME</DLVUNIT><REF_APPL_COMPONENT>QM-QN</REF_APPL_COMPONENT></item><item><REF_OBJ_TYPE>FUGX</REF_OBJ_TYPE><REF_OBJ_NAME>XQQM</REF_OBJ_NAME><REF_SUB_TYPE>FUNC</REF_SUB_TYPE><REF_SUB_NAME>EXIT_SAPMIWO0_008</REF_SUB_NAME><REF_INT_TYPE/><REF_INT_NAME/><OBJ_TYPE>CMOD</OBJ_TYPE><OBJ_NAME>ZISUPM</OBJ_NAME><SUB_TYPE/><SUB_NAME/><INCLUDE_NAME/><DEVCLASS>ZISU_UE_PM</DEVCLASS><GENFLAG/><DLVUNIT>HOME</DLVUNIT><REF_APPL_COMPONENT/></item><item><REF_OBJ_TYPE>FUGX</REF_OBJ_TYPE><REF_OBJ_NAME>XQQM</REF_OBJ_NAME><REF_SUB_TYPE>FUNC</REF_SUB_TYPE><REF_SUB_NAME>EXIT_SAPMIWO0_009</REF_SUB_NAME><REF_INT_TYPE/><REF_INT_NAME/><OBJ_TYPE>CMOD</OBJ_TYPE><OBJ_NAME>ZISUPM</OBJ_NAME><SUB_TYPE/><SUB_NAME/><INCLUDE_NAME/><DEVCLASS>ZISU_UE_PM</DEVCLASS><GENFLAG/><DLVUNIT>HOME</DLVUNIT><REF_APPL_COMPONENT/></item><item><REF_OBJ_TYPE>PROG</REF_OBJ_TYPE><REF_OBJ_NAME>SAPMIWO0</REF_OBJ_NAME><REF_SUB_TYPE/><REF_SUB_NAME/><REF_INT_TYPE/><REF_INT_NAME/><OBJ_TYPE>CMOD</OBJ_TYPE><OBJ_NAME>ZISUPM</OBJ_NAME><SUB_TYPE/><SUB_NAME/><INCLUDE_NAME/><DEVCLASS>ZISU_UE_PM</DEVCLASS><GENFLAG/><DLVUNIT>HOME</DLVUNIT><REF_APPL_COMPONENT>PM-WOC-MN</REF_APPL_COMPONENT></item><item><REF_OBJ_TYPE>FUGR</REF_OBJ_TYPE><REF_OBJ_NAME>IQS0</REF_OBJ_NAME><REF_SUB_TYPE>DYNP</REF_SUB_TYPE><REF_SUB_NAME>SAPLIQS0                                7790</REF_SUB_NAME><REF_INT_TYPE/><REF_INT_NAME/><OBJ_TYPE>CMOD</OBJ_TYPE><OBJ_NAME>ZISUPM</OBJ_NAME><SUB_TYPE/><SUB_NAME/><INCLUDE_NAME/><DEVCLASS>ZISU_UE_PM</DEVCLASS><GENFLAG/><DLVUNIT>HOME</DLVUNIT><REF_APPL_COMPONENT>PM-WOC-MN</REF_APPL_COMPONENT></item><item><REF_OBJ_TYPE>SMOD</REF_OBJ_TYPE><REF_OBJ_NAME>QQMA0025</REF_OBJ_NAME><REF_SUB_TYPE/><REF_SUB_NAME/><REF_INT_TYPE/><REF_INT_NAME/><OBJ_TYPE>CMOD</OBJ_TYPE><OBJ_NAME>ZISUPM</OBJ_NAME><SUB_TYPE/><SUB_NAME/><INCLUDE_NAME/><DEVCLASS>ZISU_UE_PM</DEVCLASS><GENFLAG/><DLVUNIT>HOME</DLVUNIT><REF_APPL_COMPONENT>QM-QN</REF_APPL_COMPONENT></item><item><REF_OBJ_TYPE>FUGX</REF_OBJ_TYPE><REF_OBJ_NAME>XWOC</REF_OBJ_NAME><REF_SUB_TYPE>FUNC</REF_SUB_TYPE><REF_SUB_NAME>EXIT_SAPLIQS0_017</REF_SUB_NAME><REF_INT_TYPE/><REF_INT_NAME/><OBJ_TYPE>CMOD</OBJ_TYPE><OBJ_NAME>ZISUPM</OBJ_NAME><SUB_TYPE/><SUB_NAME/><INCLUDE_NAME/><DEVCLASS>ZISU_UE_PM</DEVCLASS><GENFLAG/><DLVUNIT>HOME</DLVUNIT><REF_APPL_COMPONENT>PM</REF_APPL_COMPONENT></item><item><REF_OBJ_TYPE>FUGR</REF_OBJ_TYPE><REF_OBJ_NAME>IQS0</REF_OBJ_NAME><REF_SUB_TYPE/><REF_SUB_NAME/><REF_INT_TYPE/><REF_INT_NAME/><OBJ_TYPE>CMOD</OBJ_TYPE><OBJ_NAME>ZISUPM</OBJ_NAME><SUB_TYPE/><SUB_NAME/><INCLUDE_NAME/><DEVCLASS>ZISU_UE_PM</DEVCLASS><GENFLAG/><DLVUNIT>HOME</DLVUNIT><REF_APPL_COMPONENT>PM-WOC-MN</REF_APPL_COMPONENT></item><item><REF_OBJ_TYPE>SMOD</REF_OBJ_TYPE><REF_OBJ_NAME>ECSBTI03</REF_OBJ_NAME><REF_SUB_TYPE/><REF_SUB_NAME/><REF_INT_TYPE/><REF_INT_NAME/><OBJ_TYPE>CMOD</OBJ_TYPE><OBJ_NAME>ZISUSC</OBJ_NAME><SUB_TYPE/><SUB_NAME/><INCLUDE_NAME/><DEVCLASS>ZISU00</DEVCLASS><GENFLAG/><DLVUNIT>HOME</DLVUNIT><REF_APPL_COMPONENT>IS-U-CS-BT-IO</REF_APPL_COMPONENT></item><item><REF_OBJ_TYPE>FUGX</REF_OBJ_TYPE><REF_OBJ_NAME>XECE</REF_OBJ_NAME><REF_SUB_TYPE>FUNC</REF_SUB_TYPE><REF_SUB_NAME>EXIT_SAPLEC50_005</REF_SUB_NAME><REF_INT_TYPE/><REF_INT_NAME/><OBJ_TYPE>CMOD</OBJ_TYPE><OBJ_NAME>ZISUSC</OBJ_NAME><SUB_TYPE/><SUB_NAME/><INCLUDE_NAME/><DEVCLASS>ZISU00</DEVCLASS><GENFLAG/><DLVUNIT>HOME</DLVUNIT><REF_APPL_COMPONENT/></item><item><REF_OBJ_TYPE>FUGR</REF_OBJ_TYPE><REF_OBJ_NAME>EC50</REF_OBJ_NAME><REF_SUB_TYPE/><REF_SUB_NAME/><REF_INT_TYPE/><REF_INT_NAME/><OBJ_TYPE>CMOD</OBJ_TYPE><OBJ_NAME>ZISUSC</OBJ_NAME><SUB_TYPE/><SUB_NAME/><INCLUDE_NAME/><DEVCLASS>ZISU00</DEVCLASS><GENFLAG/><DLVUNIT>HOME</DLVUNIT><REF_APPL_COMPONENT>IS-U-CS-BT-IO</REF_APPL_COMPONENT></item><item><REF_OBJ_TYPE>SMOD</REF_OBJ_TYPE><REF_OBJ_NAME>ECSCC001</REF_OBJ_NAME><REF_SUB_TYPE/><REF_SUB_NAME/><REF_INT_TYPE/><REF_INT_NAME/><OBJ_TYPE>CMOD</OBJ_TYPE><OBJ_NAME>ZISUSC</OBJ_NAME><SUB_TYPE/><SUB_NAME/><INCLUDE_NAME/><DEVCLASS>ZISU00</DEVCLASS><GENFLAG/><DLVUNIT>HOME</DLVUNIT><REF_APPL_COMPONENT>FI-CA-BT-CC</REF_APPL_COMPONENT></item><item><REF_OBJ_TYPE>FUGX</REF_OBJ_TYPE><REF_OBJ_NAME>XBPT1</REF_OBJ_NAME><REF_SUB_TYPE>FUNC</REF_SUB_TYPE><REF_SUB_NAME>EXIT_SAPLBPT1_001</REF_SUB_NAME><REF_INT_TYPE/><REF_INT_NAME/><OBJ_TYPE>CMOD</OBJ_TYPE><OBJ_NAME>ZISUSC</OBJ_NAME><SUB_TYPE/><SUB_NAME/><INCLUDE_NAME/><DEVCLASS>ZISU00</DEVCLASS><GENFLAG/><DLVUNIT>HOME</DLVUNIT><REF_APPL_COMPONENT/></item><item><REF_OBJ_TYPE>FUGX</REF_OBJ_TYPE><REF_OBJ_NAME>XBPT1</REF_OBJ_NAME><REF_SUB_TYPE>FUNC</REF_SUB_TYPE><REF_SUB_NAME>EXIT_SAPLBPT1_003</REF_SUB_NAME><REF_INT_TYPE/><REF_INT_NAME/><OBJ_TYPE>CMOD</OBJ_TYPE><OBJ_NAME>ZISUSC</OBJ_NAME><SUB_TYPE/><SUB_NAME/><INCLUDE_NAME/><DEVCLASS>ZISU00</DEVCLASS><GENFLAG/><DLVUNIT>HOME</DLVUNIT><REF_APPL_COMPONENT/></item><item><REF_OBJ_TYPE>FUGX</REF_OBJ_TYPE><REF_OBJ_NAME>XBPT1</REF_OBJ_NAME><REF_SUB_TYPE>FUNC</REF_SUB_TYPE><REF_SUB_NAME>EXIT_SAPLBPT1_004</REF_SUB_NAME><REF_INT_TYPE/><REF_INT_NAME/><OBJ_TYPE>CMOD</OBJ_TYPE><OBJ_NAME>ZISUSC</OBJ_NAME><SUB_TYPE/><SUB_NAME/><INCLUDE_NAME/><DEVCLASS>ZISU00</DEVCLASS><GENFLAG/><DLVUNIT>HOME</DLVUNIT><REF_APPL_COMPONENT/></item><item><REF_OBJ_TYPE>FUGX</REF_OBJ_TYPE><REF_OBJ_NAME>XBPT1</REF_OBJ_NAME><REF_SUB_TYPE>FUNC</REF_SUB_TYPE><REF_SUB_NAME>EXIT_SAPLBPT1_005</REF_SUB_NAME><REF_INT_TYPE/><REF_INT_NAME/><OBJ_TYPE>CMOD</OBJ_TYPE><OBJ_NAME>ZISUSC</OBJ_NAME><SUB_TYPE/><SUB_NAME/><INCLUDE_NAME/><DEVCLASS>ZISU00</DEVCLASS><GENFLAG/><DLVUNIT>HOME</DLVUNIT><REF_APPL_COMPONENT/></item><item><REF_OBJ_TYPE>FUGX</REF_OBJ_TYPE><REF_OBJ_NAME>XBPT1</REF_OBJ_NAME><REF_SUB_TYPE>FUNC</REF_SUB_TYPE><REF_SUB_NAME>EXIT_SAPLBPT1_006</REF_SUB_NAME><REF_INT_TYPE/><REF_INT_NAME/><OBJ_TYPE>CMOD</OBJ_TYPE><OBJ_NAME>ZISUSC</OBJ_NAME><SUB_TYPE/><SUB_NAME/><INCLUDE_NAME/><DEVCLASS>ZISU00</DEVCLASS><GENFLAG/><DLVUNIT>HOME</DLVUNIT><REF_APPL_COMPONENT/></item><item><REF_OBJ_TYPE>FUGX</REF_OBJ_TYPE><REF_OBJ_NAME>XBPT1</REF_OBJ_NAME><REF_SUB_TYPE>FUNC</REF_SUB_TYPE><REF_SUB_NAME>EXIT_SAPLBPT1_007</REF_SUB_NAME><REF_INT_TYPE/><REF_INT_NAME/><OBJ_TYPE>CMOD</OBJ_TYPE><OBJ_NAME>ZISUSC</OBJ_NAME><SUB_TYPE/><SUB_NAME/><INCLUDE_NAME/><DEVCLASS>ZISU00</DEVCLASS><GENFLAG/><DLVUNIT>HOME</DLVUNIT><REF_APPL_COMPONENT/></item><item><REF_OBJ_TYPE>FUGX</REF_OBJ_TYPE><REF_OBJ_NAME>XBPT1</REF_OBJ_NAME><REF_SUB_TYPE>FUNC</REF_SUB_TYPE><REF_SUB_NAME>EXIT_SAPLBPT1_008</REF_SUB_NAME><REF_INT_TYPE/><REF_INT_NAME/><OBJ_TYPE>CMOD</OBJ_TYPE><OBJ_NAME>ZISUSC</OBJ_NAME><SUB_TYPE/><SUB_NAME/><INCLUDE_NAME/><DEVCLASS>ZISU00</DEVCLASS><GENFLAG/><DLVUNIT>HOME</DLVUNIT><REF_APPL_COMPONENT/></item><item><REF_OBJ_TYPE>FUGX</REF_OBJ_TYPE><REF_OBJ_NAME>XBPT1</REF_OBJ_NAME><REF_SUB_TYPE>FUNC</REF_SUB_TYPE><REF_SUB_NAME>EXIT_SAPLBPT1_009</REF_SUB_NAME><REF_INT_TYPE/><REF_INT_NAME/><OBJ_TYPE>CMOD</OBJ_TYPE><OBJ_NAME>ZISUSC</OBJ_NAME><SUB_TYPE/><SUB_NAME/><INCLUDE_NAME/><DEVCLASS>ZISU00</DEVCLASS><GENFLAG/><DLVUNIT>HOME</DLVUNIT><REF_APPL_COMPONENT/></item><item><REF_OBJ_TYPE>FUGX</REF_OBJ_TYPE><REF_OBJ_NAME>XBPT1</REF_OBJ_NAME><REF_SUB_TYPE>FUNC</REF_SUB_TYPE><REF_SUB_NAME>EXIT_SAPLBPT1_010</REF_SUB_NAME><REF_INT_TYPE/><REF_INT_NAME/><OBJ_TYPE>CMOD</OBJ_TYPE><OBJ_NAME>ZISUSC</OBJ_NAME><SUB_TYPE/><SUB_NAME/><INCLUDE_NAME/><DEVCLASS>ZISU00</DEVCLASS><GENFLAG/><DLVUNIT>HOME</DLVUNIT><REF_APPL_COMPONENT/></item><item><REF_OBJ_TYPE>FUGR</REF_OBJ_TYPE><REF_OBJ_NAME>BPT1</REF_OBJ_NAME><REF_SUB_TYPE/><REF_SUB_NAME/><REF_INT_TYPE/><REF_INT_NAME/><OBJ_TYPE>CMOD</OBJ_TYPE><OBJ_NAME>ZISUSC</OBJ_NAME><SUB_TYPE/><SUB_NAME/><INCLUDE_NAME/><DEVCLASS>ZISU00</DEVCLASS><GENFLAG/><DLVUNIT>HOME</DLVUNIT><REF_APPL_COMPONENT>FI-CA-BT-CC</REF_APPL_COMPONENT></item><item><REF_OBJ_TYPE>FUGR</REF_OBJ_TYPE><REF_OBJ_NAME>BPT1</REF_OBJ_NAME><REF_SUB_TYPE>DYNP</REF_SUB_TYPE><REF_SUB_NAME>SAPLBPT1                                0200</REF_SUB_NAME><REF_INT_TYPE/><REF_INT_NAME/><OBJ_TYPE>CMOD</OBJ_TYPE><OBJ_NAME>ZISUSC</OBJ_NAME><SUB_TYPE/><SUB_NAME/><INCLUDE_NAME/><DEVCLASS>ZISU00</DEVCLASS><GENFLAG/><DLVUNIT>HOME</DLVUNIT><REF_APPL_COMPONENT>FI-CA-BT-CC</REF_APPL_COMPONENT></item><item><REF_OBJ_TYPE>FUGR</REF_OBJ_TYPE><REF_OBJ_NAME>BPT1</REF_OBJ_NAME><REF_SUB_TYPE>DYNP</REF_SUB_TYPE><REF_SUB_NAME>SAPLBPT1                                0202</REF_SUB_NAME><REF_INT_TYPE/><REF_INT_NAME/><OBJ_TYPE>CMOD</OBJ_TYPE><OBJ_NAME>ZISUSC</OBJ_NAME><SUB_TYPE/><SUB_NAME/><INCLUDE_NAME/><DEVCLASS>ZISU00</DEVCLASS><GENFLAG/><DLVUNIT>HOME</DLVUNIT><REF_APPL_COMPONENT>FI-CA-BT-CC</REF_APPL_COMPONENT></item><item><REF_OBJ_TYPE>SMOD</REF_OBJ_TYPE><REF_OBJ_NAME>EMDBP001</REF_OBJ_NAME><REF_SUB_TYPE/><REF_SUB_NAME/><REF_INT_TYPE/><REF_INT_NAME/><OBJ_TYPE>CMOD</OBJ_TYPE><OBJ_NAME>ZISUSC</OBJ_NAME><SUB_TYPE/><SUB_NAME/><INCLUDE_NAME/><DEVCLASS>ZISU00</DEVCLASS><GENFLAG/><DLVUNIT>HOME</DLVUNIT><REF_APPL_COMPONENT>IS-U-MD-BP</REF_APPL_COMPONENT></item><item><REF_OBJ_TYPE>FUGX</REF_OBJ_TYPE><REF_OBJ_NAME>XES01</REF_OBJ_NAME><REF_SUB_TYPE>FUNC</REF_SUB_TYPE><REF_SUB_NAME>EXIT_SAPLES01_001</REF_SUB_NAME><REF_INT_TYPE/><REF_INT_NAME/><OBJ_TYPE>CMOD</OBJ_TYPE><OBJ_NAME>ZISUSC</OBJ_NAME><SUB_TYPE/><SUB_NAME/><INCLUDE_NAME/><DEVCLASS>ZISU00</DEVCLASS><GENFLAG/><DLVUNIT>HOME</DLVUNIT><REF_APPL_COMPONENT/></item><item><REF_OBJ_TYPE>FUGR</REF_OBJ_TYPE><REF_OBJ_NAME>ES01</REF_OBJ_NAME><REF_SUB_TYPE/><REF_SUB_NAME/><REF_INT_TYPE/><REF_INT_NAME/><OBJ_TYPE>CMOD</OBJ_TYPE><OBJ_NAME>ZISUSC</OBJ_NAME><SUB_TYPE/><SUB_NAME/><INCLUDE_NAME/><DEVCLASS>ZISU00</DEVCLASS><GENFLAG/><DLVUNIT>HOME</DLVUNIT><REF_APPL_COMPONENT>IS-U-MD-BP</REF_APPL_COMPONENT></item><item><REF_OBJ_TYPE>SMOD</REF_OBJ_TYPE><REF_OBJ_NAME>EMDK0001</REF_OBJ_NAME><REF_SUB_TYPE/><REF_SUB_NAME/><REF_INT_TYPE/><REF_INT_NAME/><OBJ_TYPE>CMOD</OBJ_TYPE><OBJ_NAME>ZISUSC</OBJ_NAME><SUB_TYPE/><SUB_NAME/><INCLUDE_NAME/><DEVCLASS>ZISU00</DEVCLASS><GENFLAG/><DLVUNIT>HOME</DLVUNIT><REF_APPL_COMPONENT>IS-U-MD</REF_APPL_COMPONENT></item><item><REF_OBJ_TYPE>FUGX</REF_OBJ_TYPE><REF_OBJ_NAME>XES20</REF_OBJ_NAME><REF_SUB_TYPE>FUNC</REF_SUB_TYPE><REF_SUB_NAME>EXIT_SAPLES20_001</REF_SUB_NAME><REF_INT_TYPE/><REF_INT_NAME/><OBJ_TYPE>CMOD</OBJ_TYPE><OBJ_NAME>ZISUSC</OBJ_NAME><SUB_TYPE/><SUB_NAME/><INCLUDE_NAME/><DEVCLASS>ZISU00</DEVCLASS><GENFLAG/><DLVUNIT>HOME</DLVUNIT><REF_APPL_COMPONENT/></item><item><REF_OBJ_TYPE>FUGX</REF_OBJ_TYPE><REF_OBJ_NAME>XES20</REF_OBJ_NAME><REF_SUB_TYPE>FUNC</REF_SUB_TYPE><REF_SUB_NAME>EXIT_SAPLES20_002</REF_SUB_NAME><REF_INT_TYPE/><REF_INT_NAME/><OBJ_TYPE>CMOD</OBJ_TYPE><OBJ_NAME>ZISUSC</OBJ_NAME><SUB_TYPE/><SUB_NAME/><INCLUDE_NAME/><DEVCLASS>ZISU00</DEVCLASS><GENFLAG/><DLVUNIT>HOME</DLVUNIT><REF_APPL_COMPONENT/></item><item><REF_OBJ_TYPE>FUGX</REF_OBJ_TYPE><REF_OBJ_NAME>XES20</REF_OBJ_NAME><REF_SUB_TYPE>FUNC</REF_SUB_TYPE><REF_SUB_NAME>EXIT_SAPLES20_003</REF_SUB_NAME><REF_INT_TYPE/><REF_INT_NAME/><OBJ_TYPE>CMOD</OBJ_TYPE><OBJ_NAME>ZISUSC</OBJ_NAME><SUB_TYPE/><SUB_NAME/><INCLUDE_NAME/><DEVCLASS>ZISU00</DEVCLASS><GENFLAG/><DLVUNIT>HOME</DLVUNIT><REF_APPL_COMPONENT/></item><item><REF_OBJ_TYPE>FUGR</REF_OBJ_TYPE><REF_OBJ_NAME>ES20</REF_OBJ_NAME><REF_SUB_TYPE/><REF_SUB_NAME/><REF_INT_TYPE/><REF_INT_NAME/><OBJ_TYPE>CMOD</OBJ_TYPE><OBJ_NAME>ZISUSC</OBJ_NAME><SUB_TYPE/><SUB_NAME/><INCLUDE_NAME/><DEVCLASS>ZISU00</DEVCLASS><GENFLAG/><DLVUNIT>HOME</DLVUNIT><REF_APPL_COMPONENT>IS-U-MD</REF_APPL_COMPONENT></item><item><REF_OBJ_TYPE>FUGR</REF_OBJ_TYPE><REF_OBJ_NAME>ES20</REF_OBJ_NAME><REF_SUB_TYPE>DYNP</REF_SUB_TYPE><REF_SUB_NAME>SAPLES20                                0319</REF_SUB_NAME><REF_INT_TYPE/><REF_INT_NAME/><OBJ_TYPE>CMOD</OBJ_TYPE><OBJ_NAME>ZISUSC</OBJ_NAME><SUB_TYPE/><SUB_NAME/><INCLUDE_NAME/><DEVCLASS>ZISU00</DEVCLASS><GENFLAG/><DLVUNIT>HOME</DLVUNIT><REF_APPL_COMPONENT>IS-U-MD</REF_APPL_COMPONENT></item><item><REF_OBJ_TYPE>SMOD</REF_OBJ_TYPE><REF_OBJ_NAME>MGA00001</REF_OBJ_NAME><REF_SUB_TYPE/><REF_SUB_NAME/><REF_INT_TYPE/><REF_INT_NAME/><OBJ_TYPE>CMOD</OBJ_TYPE><OBJ_NAME>ZMGA0001</OBJ_NAME><SUB_TYPE/><SUB_NAME/><INCLUDE_NAME/><DEVCLASS>ZMM_UE</DEVCLASS><GENFLAG/><DLVUNIT>HOME</DLVUNIT><REF_APPL_COMPONENT>LO-MD-MM</REF_APPL_COMPONENT></item><item><REF_OBJ_TYPE>FUGX</REF_OBJ_TYPE><REF_OBJ_NAME>XMG0</REF_OBJ_NAME><REF_SUB_TYPE>FUNC</REF_SUB_TYPE><REF_SUB_NAME>EXIT_SAPLMGMU_001</REF_SUB_NAME><REF_INT_TYPE/><REF_INT_NAME/><OBJ_TYPE>CMOD</OBJ_TYPE><OBJ_NAME>ZMGA0001</OBJ_NAME><SUB_TYPE/><SUB_NAME/><INCLUDE_NAME/><DEVCLASS>ZMM_UE</DEVCLASS><GENFLAG/><DLVUNIT>HOME</DLVUNIT><REF_APPL_COMPONENT/></item><item><REF_OBJ_TYPE>FUGR</REF_OBJ_TYPE><REF_OBJ_NAME>MGMU</REF_OBJ_NAME><REF_SUB_TYPE/><REF_SUB_NAME/><REF_INT_TYPE/><REF_INT_NAME/><OBJ_TYPE>CMOD</OBJ_TYPE><OBJ_NAME>ZMGA0001</OBJ_NAME><SUB_TYPE/><SUB_NAME/><INCLUDE_NAME/><DEVCLASS>ZMM_UE</DEVCLASS><GENFLAG/><DLVUNIT>HOME</DLVUNIT><REF_APPL_COMPONENT>LO-MD-MM</REF_APPL_COMPONENT></item><item><REF_OBJ_TYPE>TABL</REF_OBJ_TYPE><REF_OBJ_NAME>CI_MMH1</REF_OBJ_NAME><REF_SUB_TYPE/><REF_SUB_NAME/><REF_INT_TYPE/><REF_INT_NAME/><OBJ_TYPE>CMOD</OBJ_TYPE><OBJ_NAME>ZMGA0001</OBJ_NAME><SUB_TYPE/><SUB_NAME/><INCLUDE_NAME/><DEVCLASS>ZMM_UE</DEVCLASS><GENFLAG/><DLVUNIT>HOME</DLVUNIT><REF_APPL_COMPONENT>MM</REF_APPL_COMPONENT></item><item><REF_OBJ_TYPE>TABL</REF_OBJ_TYPE><REF_OBJ_NAME>BMMH1</REF_OBJ_NAME><REF_SUB_TYPE/><REF_SUB_NAME/><REF_INT_TYPE/><REF_INT_NAME/><OBJ_TYPE>CMOD</OBJ_TYPE><OBJ_NAME>ZMGA0001</OBJ_NAME><SUB_TYPE/><SUB_NAME/><INCLUDE_NAME/><DEVCLASS>ZMM_UE</DEVCLASS><GENFLAG/><DLVUNIT>HOME</DLVUNIT><REF_APPL_COMPONENT>LO-MD-MM</REF_APPL_COMPONENT></item><item><REF_OBJ_TYPE>TABL</REF_OBJ_TYPE><REF_OBJ_NAME>ZMMH1</REF_OBJ_NAME><REF_SUB_TYPE/><REF_SUB_NAME/><REF_INT_TYPE/><REF_INT_NAME/><OBJ_TYPE>CMOD</OBJ_TYPE><OBJ_NAME>ZMGA0001</OBJ_NAME><SUB_TYPE/><SUB_NAME/><INCLUDE_NAME/><DEVCLASS>ZMM_UE</DEVCLASS><GENFLAG/><DLVUNIT>HOME</DLVUNIT><REF_APPL_COMPONENT>MM</REF_APPL_COMPONENT></item><item><REF_OBJ_TYPE>SMOD</REF_OBJ_TYPE><REF_OBJ_NAME>MM06E001</REF_OBJ_NAME><REF_SUB_TYPE/><REF_SUB_NAME/><REF_INT_TYPE/><REF_INT_NAME/><OBJ_TYPE>CMOD</OBJ_TYPE><OBJ_NAME>ZMMDAXML</OBJ_NAME><SUB_TYPE/><SUB_NAME/><INCLUDE_NAME/><DEVCLASS>Z001</DEVCLASS><GENFLAG/><DLVUNIT>HOME</DLVUNIT><REF_APPL_COMPONENT>MM-PUR</REF_APPL_COMPONENT></item><item><REF_OBJ_TYPE>FUGX</REF_OBJ_TYPE><REF_OBJ_NAME>XM06</REF_OBJ_NAME><REF_SUB_TYPE>FUNC</REF_SUB_TYPE><REF_SUB_NAME>EXIT_SAPLEINM_001</REF_SUB_NAME><REF_INT_TYPE/><REF_INT_NAME/><OBJ_TYPE>CMOD</OBJ_TYPE><OBJ_NAME>ZMMDAXML</OBJ_NAME><SUB_TYPE/><SUB_NAME/><INCLUDE_NAME/><DEVCLASS>Z001</DEVCLASS><GENFLAG/><DLVUNIT>HOME</DLVUNIT><REF_APPL_COMPONENT/></item><item><REF_OBJ_TYPE>FUGR</REF_OBJ_TYPE><REF_OBJ_NAME>EINM</REF_OBJ_NAME><REF_SUB_TYPE/><REF_SUB_NAME/><REF_INT_TYPE/><REF_INT_NAME/><OBJ_TYPE>CMOD</OBJ_TYPE><OBJ_NAME>ZMMDAXML</OBJ_NAME><SUB_TYPE/><SUB_NAME/><INCLUDE_NAME/><DEVCLASS>Z001</DEVCLASS><GENFLAG/><DLVUNIT>HOME</DLVUNIT><REF_APPL_COMPONENT>MM-PUR</REF_APPL_COMPONENT></item><item><REF_OBJ_TYPE>SMOD</REF_OBJ_TYPE><REF_OBJ_NAME>BG000001</REF_OBJ_NAME><REF_SUB_TYPE/><REF_SUB_NAME/><REF_INT_TYPE/><REF_INT_NAME/><OBJ_TYPE>CMOD</OBJ_TYPE><OBJ_NAME>ZSAP2GIS</OBJ_NAME><SUB_TYPE/><SUB_NAME/><INCLUDE_NAME/><DEVCLASS>ZPM_SAP2GIS</DEVCLASS><GENFLAG/><DLVUNIT>HOME</DLVUNIT><REF_APPL_COMPONENT>PM-EQM-SF-WA</REF_APPL_COMPONENT></item><item><REF_OBJ_TYPE>FUGX</REF_OBJ_TYPE><REF_OBJ_NAME>XBG0</REF_OBJ_NAME><REF_SUB_TYPE>FUNC</REF_SUB_TYPE><REF_SUB_NAME>EXIT_SAPLBG00_001</REF_SUB_NAME><REF_INT_TYPE/><REF_INT_NAME/><OBJ_TYPE>CMOD</OBJ_TYPE><OBJ_NAME>ZSAP2GIS</OBJ_NAME><SUB_TYPE/><SUB_NAME/><INCLUDE_NAME/><DEVCLASS>ZPM_SAP2GIS</DEVCLASS><GENFLAG/><DLVUNIT>HOME</DLVUNIT><REF_APPL_COMPONENT/></item><item><REF_OBJ_TYPE>FUGR</REF_OBJ_TYPE><REF_OBJ_NAME>BG00</REF_OBJ_NAME><REF_SUB_TYPE/><REF_SUB_NAME/><REF_INT_TYPE/><REF_INT_NAME/><OBJ_TYPE>CMOD</OBJ_TYPE><OBJ_NAME>ZSAP2GIS</OBJ_NAME><SUB_TYPE/><SUB_NAME/><INCLUDE_NAME/><DEVCLASS>ZPM_SAP2GIS</DEVCLASS><GENFLAG/><DLVUNIT>HOME</DLVUNIT><REF_APPL_COMPONENT>PM-EQM-SF-WA</REF_APPL_COMPONENT></item><item><REF_OBJ_TYPE>SMOD</REF_OBJ_TYPE><REF_OBJ_NAME>CLFM0002</REF_OBJ_NAME><REF_SUB_TYPE/><REF_SUB_NAME/><REF_INT_TYPE/><REF_INT_NAME/><OBJ_TYPE>CMOD</OBJ_TYPE><OBJ_NAME>ZSAP2GIS</OBJ_NAME><SUB_TYPE/><SUB_NAME/><INCLUDE_NAME/><DEVCLASS>ZPM_SAP2GIS</DEVCLASS><GENFLAG/><DLVUNIT>HOME</DLVUNIT><REF_APPL_COMPONENT>CA-CL-CLS</REF_APPL_COMPONENT></item><item><REF_OBJ_TYPE>FUGX</REF_OBJ_TYPE><REF_OBJ_NAME>XCLF</REF_OBJ_NAME><REF_SUB_TYPE>FUNC</REF_SUB_TYPE><REF_SUB_NAME>EXIT_SAPLCLFM_002</REF_SUB_NAME><REF_INT_TYPE/><REF_INT_NAME/><OBJ_TYPE>CMOD</OBJ_TYPE><OBJ_NAME>ZSAP2GIS</OBJ_NAME><SUB_TYPE/><SUB_NAME/><INCLUDE_NAME/><DEVCLASS>ZPM_SAP2GIS</DEVCLASS><GENFLAG/><DLVUNIT>HOME</DLVUNIT><REF_APPL_COMPONENT/></item><item><REF_OBJ_TYPE>FUGR</REF_OBJ_TYPE><REF_OBJ_NAME>CLFM</REF_OBJ_NAME><REF_SUB_TYPE/><REF_SUB_NAME/><REF_INT_TYPE/><REF_INT_NAME/><OBJ_TYPE>CMOD</OBJ_TYPE><OBJ_NAME>ZSAP2GIS</OBJ_NAME><SUB_TYPE/><SUB_NAME/><INCLUDE_NAME/><DEVCLASS>ZPM_SAP2GIS</DEVCLASS><GENFLAG/><DLVUNIT>HOME</DLVUNIT><REF_APPL_COMPONENT>CA-CL-CL</REF_APPL_COMPONENT></item><item><REF_OBJ_TYPE>SMOD</REF_OBJ_TYPE><REF_OBJ_NAME>IEQM0001</REF_OBJ_NAME><REF_SUB_TYPE/><REF_SUB_NAME/><REF_INT_TYPE/><REF_INT_NAME/><OBJ_TYPE>CMOD</OBJ_TYPE><OBJ_NAME>ZSAP2GIS</OBJ_NAME><SUB_TYPE/><SUB_NAME/><INCLUDE_NAME/><DEVCLASS>ZPM_SAP2GIS</DEVCLASS><GENFLAG/><DLVUNIT>HOME</DLVUNIT><REF_APPL_COMPONENT>PM-EQM-EQ</REF_APPL_COMPONENT></item><item><REF_OBJ_TYPE>SMOD</REF_OBJ_TYPE><REF_OBJ_NAME>ILOM0001</REF_OBJ_NAME><REF_SUB_TYPE/><REF_SUB_NAME/><REF_INT_TYPE/><REF_INT_NAME/><OBJ_TYPE>CMOD</OBJ_TYPE><OBJ_NAME>ZSAP2GIS</OBJ_NAME><SUB_TYPE/><SUB_NAME/><INCLUDE_NAME/><DEVCLASS>ZPM_SAP2GIS</DEVCLASS><GENFLAG/><DLVUNIT>HOME</DLVUNIT><REF_APPL_COMPONENT>PM-EQM-FL</REF_APPL_COMPONENT></item><item><REF_OBJ_TYPE>FUGX</REF_OBJ_TYPE><REF_OBJ_NAME>XLOM</REF_OBJ_NAME><REF_SUB_TYPE>FUNC</REF_SUB_TYPE><REF_SUB_NAME>EXIT_SAPMILO0_001</REF_SUB_NAME><REF_INT_TYPE/><REF_INT_NAME/><OBJ_TYPE>CMOD</OBJ_TYPE><OBJ_NAME>ZSAP2GIS</OBJ_NAME><SUB_TYPE/><SUB_NAME/><INCLUDE_NAME/><DEVCLASS>ZPM_SAP2GIS</DEVCLASS><GENFLAG/><DLVUNIT>HOME</DLVUNIT><REF_APPL_COMPONENT/></item><item><REF_OBJ_TYPE>PROG</REF_OBJ_TYPE><REF_OBJ_NAME>SAPMILO0</REF_OBJ_NAME><REF_SUB_TYPE/><REF_SUB_NAME/><REF_INT_TYPE/><REF_INT_NAME/><OBJ_TYPE>CMOD</OBJ_TYPE><OBJ_NAME>ZSAP2GIS</OBJ_NAME><SUB_TYPE/><SUB_NAME/><INCLUDE_NAME/><DEVCLASS>ZPM_SAP2GIS</DEVCLASS><GENFLAG/><DLVUNIT>HOME</DLVUNIT><REF_APPL_COMPONENT>PM-EQM-FL</REF_APPL_COMPONENT></item><item><REF_OBJ_TYPE>SMOD</REF_OBJ_TYPE><REF_OBJ_NAME>ITOB0001</REF_OBJ_NAME><REF_SUB_TYPE/><REF_SUB_NAME/><REF_INT_TYPE/><REF_INT_NAME/><OBJ_TYPE>CMOD</OBJ_TYPE><OBJ_NAME>ZSAP2GIS</OBJ_NAME><SUB_TYPE/><SUB_NAME/><INCLUDE_NAME/><DEVCLASS>ZPM_SAP2GIS</DEVCLASS><GENFLAG/><DLVUNIT>HOME</DLVUNIT><REF_APPL_COMPONENT>PM-EQM</REF_APPL_COMPONENT></item><item><REF_OBJ_TYPE>FUGX</REF_OBJ_TYPE><REF_OBJ_NAME>XTOB</REF_OBJ_NAME><REF_SUB_TYPE>FUNC</REF_SUB_TYPE><REF_SUB_NAME>EXIT_SAPLITO0_001</REF_SUB_NAME><REF_INT_TYPE/><REF_INT_NAME/><OBJ_TYPE>CMOD</OBJ_TYPE><OBJ_NAME>ZSAP2GIS</OBJ_NAME><SUB_TYPE/><SUB_NAME/><INCLUDE_NAME/><DEVCLASS>ZPM_SAP2GIS</DEVCLASS><GENFLAG/><DLVUNIT>HOME</DLVUNIT><REF_APPL_COMPONENT>PM</REF_APPL_COMPONENT></item><item><REF_OBJ_TYPE>FUGX</REF_OBJ_TYPE><REF_OBJ_NAME>XTOB</REF_OBJ_NAME><REF_SUB_TYPE>FUNC</REF_SUB_TYPE><REF_SUB_NAME>EXIT_SAPLITO0_002</REF_SUB_NAME><REF_INT_TYPE/><REF_INT_NAME/><OBJ_TYPE>CMOD</OBJ_TYPE><OBJ_NAME>ZSAP2GIS</OBJ_NAME><SUB_TYPE/><SUB_NAME/><INCLUDE_NAME/><DEVCLASS>ZPM_SAP2GIS</DEVCLASS><GENFLAG/><DLVUNIT>HOME</DLVUNIT><REF_APPL_COMPONENT>PM</REF_APPL_COMPONENT></item><item><REF_OBJ_TYPE>FUGR</REF_OBJ_TYPE><REF_OBJ_NAME>ITO0</REF_OBJ_NAME><REF_SUB_TYPE/><REF_SUB_NAME/><REF_INT_TYPE/><REF_INT_NAME/><OBJ_TYPE>CMOD</OBJ_TYPE><OBJ_NAME>ZSAP2GIS</OBJ_NAME><SUB_TYPE/><SUB_NAME/><INCLUDE_NAME/><DEVCLASS>ZPM_SAP2GIS</DEVCLASS><GENFLAG/><DLVUNIT>HOME</DLVUNIT><REF_APPL_COMPONENT>PM-EQM</REF_APPL_COMPONENT></item><item><REF_OBJ_TYPE>FUGR</REF_OBJ_TYPE><REF_OBJ_NAME>ITO0</REF_OBJ_NAME><REF_SUB_TYPE>DYNP</REF_SUB_TYPE><REF_SUB_NAME>SAPLITO0                                1080</REF_SUB_NAME><REF_INT_TYPE/><REF_INT_NAME/><OBJ_TYPE>CMOD</OBJ_TYPE><OBJ_NAME>ZSAP2GIS</OBJ_NAME><SUB_TYPE/><SUB_NAME/><INCLUDE_NAME/><DEVCLASS>ZPM_SAP2GIS</DEVCLASS><GENFLAG/><DLVUNIT>HOME</DLVUNIT><REF_APPL_COMPONENT>PM-EQM</REF_APPL_COMPONENT></item><item><REF_OBJ_TYPE>SMOD</REF_OBJ_TYPE><REF_OBJ_NAME>V05N0001</REF_OBJ_NAME><REF_SUB_TYPE/><REF_SUB_NAME/><REF_INT_TYPE/><REF_INT_NAME/><OBJ_TYPE>CMOD</OBJ_TYPE><OBJ_NAME>ZSDESR01</OBJ_NAME><SUB_TYPE/><SUB_NAME/><INCLUDE_NAME/><DEVCLASS>ZISU00</DEVCLASS><GENFLAG/><DLVUNIT>HOME</DLVUNIT><REF_APPL_COMPONENT>SD-BIL</REF_APPL_COMPONENT></item><item><REF_OBJ_TYPE>FUGX</REF_OBJ_TYPE><REF_OBJ_NAME>XV05</REF_OBJ_NAME><REF_SUB_TYPE>FUNC</REF_SUB_TYPE><REF_SUB_NAME>EXIT_SAPLV05N_003</REF_SUB_NAME><REF_INT_TYPE/><REF_INT_NAME/><OBJ_TYPE>CMOD</OBJ_TYPE><OBJ_NAME>ZSDESR01</OBJ_NAME><SUB_TYPE/><SUB_NAME/><INCLUDE_NAME/><DEVCLASS>ZISU00</DEVCLASS><GENFLAG/><DLVUNIT>HOME</DLVUNIT><REF_APPL_COMPONENT/></item><item><REF_OBJ_TYPE>FUGR</REF_OBJ_TYPE><REF_OBJ_NAME>V05N</REF_OBJ_NAME><REF_SUB_TYPE/><REF_SUB_NAME/><REF_INT_TYPE/><REF_INT_NAME/><OBJ_TYPE>CMOD</OBJ_TYPE><OBJ_NAME>ZSDESR01</OBJ_NAME><SUB_TYPE/><SUB_NAME/><INCLUDE_NAME/><DEVCLASS>ZISU00</DEVCLASS><GENFLAG/><DLVUNIT>HOME</DLVUNIT><REF_APPL_COMPONENT>SD-BF</REF_APPL_COMPONENT></item></REF_DATA></asx:values></asx:abap>