<?xml version="1.0" encoding="utf-8"?><asx:abap version="1.0" xmlns:asx="http://www.sap.com/abapxml"><asx:values><REF_DATA><item><REF_OBJ_TYPE>CLAS</REF_OBJ_TYPE><REF_OBJ_NAME>CL_ALV_EVENT_TOOLBAR_SET</REF_OBJ_NAME><REF_SUB_TYPE/><REF_SUB_NAME/><REF_INT_TYPE/><REF_INT_NAME/><OBJ_TYPE>PROG</OBJ_TYPE><OBJ_NAME>EDOCX_B_STATUS_REPORT</OBJ_NAME><SUB_TYPE/><SUB_NAME/><INCLUDE_NAME>EDOCX_B_STATUS_REPORT</INCLUDE_NAME><DEVCLASS>EDOCX_BILLER</DEVCLASS><GENFLAG/><DLVUNIT>EA-FINSERV</DLVUNIT><REF_APPL_COMPONENT>BC-SRV-ALV</REF_APPL_COMPONENT></item><item><REF_OBJ_TYPE>CLAS</REF_OBJ_TYPE><REF_OBJ_NAME>CL_GUI_ALV_GRID</REF_OBJ_NAME><REF_SUB_TYPE/><REF_SUB_NAME/><REF_INT_TYPE/><REF_INT_NAME/><OBJ_TYPE>PROG</OBJ_TYPE><OBJ_NAME>EDOCX_B_STATUS_REPORT</OBJ_NAME><SUB_TYPE/><SUB_NAME/><INCLUDE_NAME>EDOCX_B_STATUS_REPORT</INCLUDE_NAME><DEVCLASS>EDOCX_BILLER</DEVCLASS><GENFLAG/><DLVUNIT>EA-FINSERV</DLVUNIT><REF_APPL_COMPONENT>BC-SRV-ALV</REF_APPL_COMPONENT></item><item><REF_OBJ_TYPE>CLAS</REF_OBJ_TYPE><REF_OBJ_NAME>CL_GUI_ALV_GRID_BASE</REF_OBJ_NAME><REF_SUB_TYPE/><REF_SUB_NAME/><REF_INT_TYPE/><REF_INT_NAME/><OBJ_TYPE>PROG</OBJ_TYPE><OBJ_NAME>EDOCX_B_STATUS_REPORT</OBJ_NAME><SUB_TYPE/><SUB_NAME/><INCLUDE_NAME>EDOCX_B_STATUS_REPORT</INCLUDE_NAME><DEVCLASS>EDOCX_BILLER</DEVCLASS><GENFLAG/><DLVUNIT>EA-FINSERV</DLVUNIT><REF_APPL_COMPONENT>BC-SRV-ALV</REF_APPL_COMPONENT></item><item><REF_OBJ_TYPE>CLAS</REF_OBJ_TYPE><REF_OBJ_NAME>CL_GUI_CFW</REF_OBJ_NAME><REF_SUB_TYPE/><REF_SUB_NAME/><REF_INT_TYPE/><REF_INT_NAME/><OBJ_TYPE>PROG</OBJ_TYPE><OBJ_NAME>EDOCX_B_STATUS_REPORT</OBJ_NAME><SUB_TYPE/><SUB_NAME/><INCLUDE_NAME>EDOCX_B_STATUS_REPORT</INCLUDE_NAME><DEVCLASS>EDOCX_BILLER</DEVCLASS><GENFLAG/><DLVUNIT>EA-FINSERV</DLVUNIT><REF_APPL_COMPONENT>BC-FES-GUI</REF_APPL_COMPONENT></item><item><REF_OBJ_TYPE>CLAS</REF_OBJ_TYPE><REF_OBJ_NAME>CL_GUI_CONTAINER</REF_OBJ_NAME><REF_SUB_TYPE/><REF_SUB_NAME/><REF_INT_TYPE/><REF_INT_NAME/><OBJ_TYPE>PROG</OBJ_TYPE><OBJ_NAME>EDOCX_B_STATUS_REPORT</OBJ_NAME><SUB_TYPE/><SUB_NAME/><INCLUDE_NAME>EDOCX_B_STATUS_REPORT</INCLUDE_NAME><DEVCLASS>EDOCX_BILLER</DEVCLASS><GENFLAG/><DLVUNIT>EA-FINSERV</DLVUNIT><REF_APPL_COMPONENT>BC-FES-GUI</REF_APPL_COMPONENT></item><item><REF_OBJ_TYPE>CLAS</REF_OBJ_TYPE><REF_OBJ_NAME>CL_GUI_CONTROL</REF_OBJ_NAME><REF_SUB_TYPE/><REF_SUB_NAME/><REF_INT_TYPE/><REF_INT_NAME/><OBJ_TYPE>PROG</OBJ_TYPE><OBJ_NAME>EDOCX_B_STATUS_REPORT</OBJ_NAME><SUB_TYPE/><SUB_NAME/><INCLUDE_NAME>EDOCX_B_STATUS_REPORT</INCLUDE_NAME><DEVCLASS>EDOCX_BILLER</DEVCLASS><GENFLAG/><DLVUNIT>EA-FINSERV</DLVUNIT><REF_APPL_COMPONENT>BC-FES-GUI</REF_APPL_COMPONENT></item><item><REF_OBJ_TYPE>CLAS</REF_OBJ_TYPE><REF_OBJ_NAME>CL_GUI_CUSTOM_CONTAINER</REF_OBJ_NAME><REF_SUB_TYPE/><REF_SUB_NAME/><REF_INT_TYPE/><REF_INT_NAME/><OBJ_TYPE>PROG</OBJ_TYPE><OBJ_NAME>EDOCX_B_STATUS_REPORT</OBJ_NAME><SUB_TYPE/><SUB_NAME/><INCLUDE_NAME>EDOCX_B_STATUS_REPORT</INCLUDE_NAME><DEVCLASS>EDOCX_BILLER</DEVCLASS><GENFLAG/><DLVUNIT>EA-FINSERV</DLVUNIT><REF_APPL_COMPONENT>BC-FES-GUI</REF_APPL_COMPONENT></item><item><REF_OBJ_TYPE>CLAS</REF_OBJ_TYPE><REF_OBJ_NAME>CL_GUI_OBJECT</REF_OBJ_NAME><REF_SUB_TYPE/><REF_SUB_NAME/><REF_INT_TYPE/><REF_INT_NAME/><OBJ_TYPE>PROG</OBJ_TYPE><OBJ_NAME>EDOCX_B_STATUS_REPORT</OBJ_NAME><SUB_TYPE/><SUB_NAME/><INCLUDE_NAME>EDOCX_B_STATUS_REPORT</INCLUDE_NAME><DEVCLASS>EDOCX_BILLER</DEVCLASS><GENFLAG/><DLVUNIT>EA-FINSERV</DLVUNIT><REF_APPL_COMPONENT>BC-FES-GUI</REF_APPL_COMPONENT></item><item><REF_OBJ_TYPE>TYPE</REF_OBJ_TYPE><REF_OBJ_NAME>ICON</REF_OBJ_NAME><REF_SUB_TYPE/><REF_SUB_NAME/><REF_INT_TYPE>DGT</REF_INT_TYPE><REF_INT_NAME>ICON_REFRESH</REF_INT_NAME><OBJ_TYPE>PROG</OBJ_TYPE><OBJ_NAME>EDOCX_B_STATUS_REPORT</OBJ_NAME><SUB_TYPE/><SUB_NAME/><INCLUDE_NAME>EDOCX_B_STATUS_REPORT</INCLUDE_NAME><DEVCLASS>EDOCX_BILLER</DEVCLASS><GENFLAG/><DLVUNIT>EA-FINSERV</DLVUNIT><REF_APPL_COMPONENT>BC-ABA-LA</REF_APPL_COMPONENT></item><item><REF_OBJ_TYPE>DTEL</REF_OBJ_TYPE><REF_OBJ_NAME>DATS</REF_OBJ_NAME><REF_SUB_TYPE/><REF_SUB_NAME/><REF_INT_TYPE/><REF_INT_NAME/><OBJ_TYPE>PROG</OBJ_TYPE><OBJ_NAME>EDOCX_B_STATUS_REPORT</OBJ_NAME><SUB_TYPE/><SUB_NAME/><INCLUDE_NAME>EDOCX_B_STATUS_REPORT</INCLUDE_NAME><DEVCLASS>EDOCX_BILLER</DEVCLASS><GENFLAG/><DLVUNIT>EA-FINSERV</DLVUNIT><REF_APPL_COMPONENT>BC-CCM-ADK</REF_APPL_COMPONENT></item><item><REF_OBJ_TYPE>DTEL</REF_OBJ_TYPE><REF_OBJ_NAME>EDOCX_BILLER_EBPP_STATUS</REF_OBJ_NAME><REF_SUB_TYPE/><REF_SUB_NAME/><REF_INT_TYPE/><REF_INT_NAME/><OBJ_TYPE>PROG</OBJ_TYPE><OBJ_NAME>EDOCX_B_STATUS_REPORT</OBJ_NAME><SUB_TYPE/><SUB_NAME/><INCLUDE_NAME>EDOCX_B_STATUS_REPORT</INCLUDE_NAME><DEVCLASS>EDOCX_BILLER</DEVCLASS><GENFLAG/><DLVUNIT>EA-FINSERV</DLVUNIT><REF_APPL_COMPONENT>FI-LC</REF_APPL_COMPONENT></item><item><REF_OBJ_TYPE>DTEL</REF_OBJ_TYPE><REF_OBJ_NAME>VBELN</REF_OBJ_NAME><REF_SUB_TYPE/><REF_SUB_NAME/><REF_INT_TYPE/><REF_INT_NAME/><OBJ_TYPE>PROG</OBJ_TYPE><OBJ_NAME>EDOCX_B_STATUS_REPORT</OBJ_NAME><SUB_TYPE/><SUB_NAME/><INCLUDE_NAME>EDOCX_B_STATUS_REPORT</INCLUDE_NAME><DEVCLASS>EDOCX_BILLER</DEVCLASS><GENFLAG/><DLVUNIT>EA-FINSERV</DLVUNIT><REF_APPL_COMPONENT>CA-GTF-TS</REF_APPL_COMPONENT></item><item><REF_OBJ_TYPE>FUGR</REF_OBJ_TYPE><REF_OBJ_NAME>EDOCX_BILLER</REF_OBJ_NAME><REF_SUB_TYPE>FUNC</REF_SUB_TYPE><REF_SUB_NAME>EDOCX_B_GET_PDF</REF_SUB_NAME><REF_INT_TYPE/><REF_INT_NAME/><OBJ_TYPE>PROG</OBJ_TYPE><OBJ_NAME>EDOCX_B_STATUS_REPORT</OBJ_NAME><SUB_TYPE/><SUB_NAME/><INCLUDE_NAME>EDOCX_B_STATUS_REPORT</INCLUDE_NAME><DEVCLASS>EDOCX_BILLER</DEVCLASS><GENFLAG/><DLVUNIT>EA-FINSERV</DLVUNIT><REF_APPL_COMPONENT>FI-LC</REF_APPL_COMPONENT></item><item><REF_OBJ_TYPE>FUGR</REF_OBJ_TYPE><REF_OBJ_NAME>EDOCX_BILLER</REF_OBJ_NAME><REF_SUB_TYPE>FUNC</REF_SUB_TYPE><REF_SUB_NAME>EDOCX_B_GET_SETTINGS</REF_SUB_NAME><REF_INT_TYPE/><REF_INT_NAME/><OBJ_TYPE>PROG</OBJ_TYPE><OBJ_NAME>EDOCX_B_STATUS_REPORT</OBJ_NAME><SUB_TYPE/><SUB_NAME/><INCLUDE_NAME>EDOCX_B_STATUS_REPORT</INCLUDE_NAME><DEVCLASS>EDOCX_BILLER</DEVCLASS><GENFLAG/><DLVUNIT>EA-FINSERV</DLVUNIT><REF_APPL_COMPONENT>FI-LC</REF_APPL_COMPONENT></item><item><REF_OBJ_TYPE>FUGR</REF_OBJ_TYPE><REF_OBJ_NAME>EDOCX_BILLER</REF_OBJ_NAME><REF_SUB_TYPE>FUNC</REF_SUB_TYPE><REF_SUB_NAME>EDOCX_B_SHOW_PDF</REF_SUB_NAME><REF_INT_TYPE/><REF_INT_NAME/><OBJ_TYPE>PROG</OBJ_TYPE><OBJ_NAME>EDOCX_B_STATUS_REPORT</OBJ_NAME><SUB_TYPE/><SUB_NAME/><INCLUDE_NAME>EDOCX_B_STATUS_REPORT</INCLUDE_NAME><DEVCLASS>EDOCX_BILLER</DEVCLASS><GENFLAG/><DLVUNIT>EA-FINSERV</DLVUNIT><REF_APPL_COMPONENT>FI-LC</REF_APPL_COMPONENT></item><item><REF_OBJ_TYPE>FUGR</REF_OBJ_TYPE><REF_OBJ_NAME>EDOCX_BILLER</REF_OBJ_NAME><REF_SUB_TYPE>FUNC</REF_SUB_TYPE><REF_SUB_NAME>EDOCX_B_STRIP_PDF</REF_SUB_NAME><REF_INT_TYPE/><REF_INT_NAME/><OBJ_TYPE>PROG</OBJ_TYPE><OBJ_NAME>EDOCX_B_STATUS_REPORT</OBJ_NAME><SUB_TYPE/><SUB_NAME/><INCLUDE_NAME>EDOCX_B_STATUS_REPORT</INCLUDE_NAME><DEVCLASS>EDOCX_BILLER</DEVCLASS><GENFLAG/><DLVUNIT>EA-FINSERV</DLVUNIT><REF_APPL_COMPONENT>FI-LC</REF_APPL_COMPONENT></item><item><REF_OBJ_TYPE>INCL</REF_OBJ_TYPE><REF_OBJ_NAME>EDOCX_B_STATUS_REPORT</REF_OBJ_NAME><REF_SUB_TYPE>INCL</REF_SUB_TYPE><REF_SUB_NAME>EDOCX_BILLER_CONSTANTS</REF_SUB_NAME><REF_INT_TYPE/><REF_INT_NAME/><OBJ_TYPE>PROG</OBJ_TYPE><OBJ_NAME>EDOCX_B_STATUS_REPORT</OBJ_NAME><SUB_TYPE/><SUB_NAME/><INCLUDE_NAME>EDOCX_B_STATUS_REPORT</INCLUDE_NAME><DEVCLASS>EDOCX_BILLER</DEVCLASS><GENFLAG/><DLVUNIT>EA-FINSERV</DLVUNIT><REF_APPL_COMPONENT/></item><item><REF_OBJ_TYPE>CLAS</REF_OBJ_TYPE><REF_OBJ_NAME>CL_GUI_ALV_GRID</REF_OBJ_NAME><REF_SUB_TYPE>CPUB</REF_SUB_TYPE><REF_SUB_NAME>CL_GUI_ALV_GRID</REF_SUB_NAME><REF_INT_TYPE>OA</REF_INT_TYPE><REF_INT_NAME>CL_GUI_ALV_GRID               DOUBLE_CLICK</REF_INT_NAME><OBJ_TYPE>PROG</OBJ_TYPE><OBJ_NAME>EDOCX_B_STATUS_REPORT</OBJ_NAME><SUB_TYPE/><SUB_NAME/><INCLUDE_NAME>EDOCX_B_STATUS_REPORT</INCLUDE_NAME><DEVCLASS>EDOCX_BILLER</DEVCLASS><GENFLAG/><DLVUNIT>EA-FINSERV</DLVUNIT><REF_APPL_COMPONENT>BC-SRV-ALV</REF_APPL_COMPONENT></item><item><REF_OBJ_TYPE>CLAS</REF_OBJ_TYPE><REF_OBJ_NAME>CL_ALV_EVENT_TOOLBAR_SET</REF_OBJ_NAME><REF_SUB_TYPE>CPUB</REF_SUB_TYPE><REF_SUB_NAME>CL_ALV_EVENT_TOOLBAR_SET</REF_SUB_NAME><REF_INT_TYPE>OA</REF_INT_TYPE><REF_INT_NAME>CL_ALV_EVENT_TOOLBAR_SET      MT_TOOLBAR</REF_INT_NAME><OBJ_TYPE>PROG</OBJ_TYPE><OBJ_NAME>EDOCX_B_STATUS_REPORT</OBJ_NAME><SUB_TYPE/><SUB_NAME/><INCLUDE_NAME>EDOCX_B_STATUS_REPORT</INCLUDE_NAME><DEVCLASS>EDOCX_BILLER</DEVCLASS><GENFLAG/><DLVUNIT>EA-FINSERV</DLVUNIT><REF_APPL_COMPONENT>BC-SRV-ALV</REF_APPL_COMPONENT></item><item><REF_OBJ_TYPE>CLAS</REF_OBJ_TYPE><REF_OBJ_NAME>CL_GUI_ALV_GRID</REF_OBJ_NAME><REF_SUB_TYPE>CPUB</REF_SUB_TYPE><REF_SUB_NAME>CL_GUI_ALV_GRID</REF_SUB_NAME><REF_INT_TYPE>OA</REF_INT_TYPE><REF_INT_NAME>CL_GUI_ALV_GRID               TOOLBAR</REF_INT_NAME><OBJ_TYPE>PROG</OBJ_TYPE><OBJ_NAME>EDOCX_B_STATUS_REPORT</OBJ_NAME><SUB_TYPE/><SUB_NAME/><INCLUDE_NAME>EDOCX_B_STATUS_REPORT</INCLUDE_NAME><DEVCLASS>EDOCX_BILLER</DEVCLASS><GENFLAG/><DLVUNIT>EA-FINSERV</DLVUNIT><REF_APPL_COMPONENT>BC-SRV-ALV</REF_APPL_COMPONENT></item><item><REF_OBJ_TYPE>CLAS</REF_OBJ_TYPE><REF_OBJ_NAME>CL_GUI_ALV_GRID</REF_OBJ_NAME><REF_SUB_TYPE>CPUB</REF_SUB_TYPE><REF_SUB_NAME>CL_GUI_ALV_GRID</REF_SUB_NAME><REF_INT_TYPE>OA</REF_INT_TYPE><REF_INT_NAME>CL_GUI_ALV_GRID               USER_COMMAND</REF_INT_NAME><OBJ_TYPE>PROG</OBJ_TYPE><OBJ_NAME>EDOCX_B_STATUS_REPORT</OBJ_NAME><SUB_TYPE/><SUB_NAME/><INCLUDE_NAME>EDOCX_B_STATUS_REPORT</INCLUDE_NAME><DEVCLASS>EDOCX_BILLER</DEVCLASS><GENFLAG/><DLVUNIT>EA-FINSERV</DLVUNIT><REF_APPL_COMPONENT>BC-SRV-ALV</REF_APPL_COMPONENT></item><item><REF_OBJ_TYPE>CLAS</REF_OBJ_TYPE><REF_OBJ_NAME>CL_GUI_ALV_GRID</REF_OBJ_NAME><REF_SUB_TYPE>CPUB</REF_SUB_TYPE><REF_SUB_NAME>CL_GUI_ALV_GRID</REF_SUB_NAME><REF_INT_TYPE>OE</REF_INT_TYPE><REF_INT_NAME>CL_GUI_ALV_GRID               DOUBLE_CLICK</REF_INT_NAME><OBJ_TYPE>PROG</OBJ_TYPE><OBJ_NAME>EDOCX_B_STATUS_REPORT</OBJ_NAME><SUB_TYPE/><SUB_NAME/><INCLUDE_NAME>EDOCX_B_STATUS_REPORT</INCLUDE_NAME><DEVCLASS>EDOCX_BILLER</DEVCLASS><GENFLAG/><DLVUNIT>EA-FINSERV</DLVUNIT><REF_APPL_COMPONENT>BC-SRV-ALV</REF_APPL_COMPONENT></item><item><REF_OBJ_TYPE>CLAS</REF_OBJ_TYPE><REF_OBJ_NAME>CL_GUI_ALV_GRID</REF_OBJ_NAME><REF_SUB_TYPE>CPUB</REF_SUB_TYPE><REF_SUB_NAME>CL_GUI_ALV_GRID</REF_SUB_NAME><REF_INT_TYPE>OE</REF_INT_TYPE><REF_INT_NAME>CL_GUI_ALV_GRID               TOOLBAR</REF_INT_NAME><OBJ_TYPE>PROG</OBJ_TYPE><OBJ_NAME>EDOCX_B_STATUS_REPORT</OBJ_NAME><SUB_TYPE/><SUB_NAME/><INCLUDE_NAME>EDOCX_B_STATUS_REPORT</INCLUDE_NAME><DEVCLASS>EDOCX_BILLER</DEVCLASS><GENFLAG/><DLVUNIT>EA-FINSERV</DLVUNIT><REF_APPL_COMPONENT>BC-SRV-ALV</REF_APPL_COMPONENT></item><item><REF_OBJ_TYPE>CLAS</REF_OBJ_TYPE><REF_OBJ_NAME>CL_GUI_ALV_GRID</REF_OBJ_NAME><REF_SUB_TYPE>CPUB</REF_SUB_TYPE><REF_SUB_NAME>CL_GUI_ALV_GRID</REF_SUB_NAME><REF_INT_TYPE>OE</REF_INT_TYPE><REF_INT_NAME>CL_GUI_ALV_GRID               USER_COMMAND</REF_INT_NAME><OBJ_TYPE>PROG</OBJ_TYPE><OBJ_NAME>EDOCX_B_STATUS_REPORT</OBJ_NAME><SUB_TYPE/><SUB_NAME/><INCLUDE_NAME>EDOCX_B_STATUS_REPORT</INCLUDE_NAME><DEVCLASS>EDOCX_BILLER</DEVCLASS><GENFLAG/><DLVUNIT>EA-FINSERV</DLVUNIT><REF_APPL_COMPONENT>BC-SRV-ALV</REF_APPL_COMPONENT></item><item><REF_OBJ_TYPE>CLAS</REF_OBJ_TYPE><REF_OBJ_NAME>CL_GUI_ALV_GRID</REF_OBJ_NAME><REF_SUB_TYPE>CPUB</REF_SUB_TYPE><REF_SUB_NAME>CL_GUI_ALV_GRID</REF_SUB_NAME><REF_INT_TYPE>OO</REF_INT_TYPE><REF_INT_NAME>CL_GUI_ALV_GRID               CONSTRUCTOR</REF_INT_NAME><OBJ_TYPE>PROG</OBJ_TYPE><OBJ_NAME>EDOCX_B_STATUS_REPORT</OBJ_NAME><SUB_TYPE/><SUB_NAME/><INCLUDE_NAME>EDOCX_B_STATUS_REPORT</INCLUDE_NAME><DEVCLASS>EDOCX_BILLER</DEVCLASS><GENFLAG/><DLVUNIT>EA-FINSERV</DLVUNIT><REF_APPL_COMPONENT>BC-SRV-ALV</REF_APPL_COMPONENT></item><item><REF_OBJ_TYPE>CLAS</REF_OBJ_TYPE><REF_OBJ_NAME>CL_GUI_CUSTOM_CONTAINER</REF_OBJ_NAME><REF_SUB_TYPE>CPUB</REF_SUB_TYPE><REF_SUB_NAME>CL_GUI_CUSTOM_CONTAINER</REF_SUB_NAME><REF_INT_TYPE>OO</REF_INT_TYPE><REF_INT_NAME>CL_GUI_CUSTOM_CONTAINER       CONSTRUCTOR</REF_INT_NAME><OBJ_TYPE>PROG</OBJ_TYPE><OBJ_NAME>EDOCX_B_STATUS_REPORT</OBJ_NAME><SUB_TYPE/><SUB_NAME/><INCLUDE_NAME>EDOCX_B_STATUS_REPORT</INCLUDE_NAME><DEVCLASS>EDOCX_BILLER</DEVCLASS><GENFLAG/><DLVUNIT>EA-FINSERV</DLVUNIT><REF_APPL_COMPONENT>BC-FES-GUI</REF_APPL_COMPONENT></item><item><REF_OBJ_TYPE>CLAS</REF_OBJ_TYPE><REF_OBJ_NAME>CL_GUI_CFW</REF_OBJ_NAME><REF_SUB_TYPE>CPUB</REF_SUB_TYPE><REF_SUB_NAME>CL_GUI_CFW</REF_SUB_NAME><REF_INT_TYPE>OO</REF_INT_TYPE><REF_INT_NAME>CL_GUI_CFW                    FLUSH</REF_INT_NAME><OBJ_TYPE>PROG</OBJ_TYPE><OBJ_NAME>EDOCX_B_STATUS_REPORT</OBJ_NAME><SUB_TYPE/><SUB_NAME/><INCLUDE_NAME>EDOCX_B_STATUS_REPORT</INCLUDE_NAME><DEVCLASS>EDOCX_BILLER</DEVCLASS><GENFLAG/><DLVUNIT>EA-FINSERV</DLVUNIT><REF_APPL_COMPONENT>BC-FES-GUI</REF_APPL_COMPONENT></item><item><REF_OBJ_TYPE>CLAS</REF_OBJ_TYPE><REF_OBJ_NAME>CL_GUI_ALV_GRID</REF_OBJ_NAME><REF_SUB_TYPE>CPUB</REF_SUB_TYPE><REF_SUB_NAME>CL_GUI_ALV_GRID</REF_SUB_NAME><REF_INT_TYPE>OO</REF_INT_TYPE><REF_INT_NAME>CL_GUI_ALV_GRID               FREE</REF_INT_NAME><OBJ_TYPE>PROG</OBJ_TYPE><OBJ_NAME>EDOCX_B_STATUS_REPORT</OBJ_NAME><SUB_TYPE/><SUB_NAME/><INCLUDE_NAME>EDOCX_B_STATUS_REPORT</INCLUDE_NAME><DEVCLASS>EDOCX_BILLER</DEVCLASS><GENFLAG/><DLVUNIT>EA-FINSERV</DLVUNIT><REF_APPL_COMPONENT>BC-SRV-ALV</REF_APPL_COMPONENT></item><item><REF_OBJ_TYPE>CLAS</REF_OBJ_TYPE><REF_OBJ_NAME>CL_GUI_OBJECT</REF_OBJ_NAME><REF_SUB_TYPE>CPUB</REF_SUB_TYPE><REF_SUB_NAME>CL_GUI_OBJECT</REF_SUB_NAME><REF_INT_TYPE>OO</REF_INT_TYPE><REF_INT_NAME>CL_GUI_OBJECT                 FREE</REF_INT_NAME><OBJ_TYPE>PROG</OBJ_TYPE><OBJ_NAME>EDOCX_B_STATUS_REPORT</OBJ_NAME><SUB_TYPE/><SUB_NAME/><INCLUDE_NAME>EDOCX_B_STATUS_REPORT</INCLUDE_NAME><DEVCLASS>EDOCX_BILLER</DEVCLASS><GENFLAG/><DLVUNIT>EA-FINSERV</DLVUNIT><REF_APPL_COMPONENT>BC-FES-GUI</REF_APPL_COMPONENT></item><item><REF_OBJ_TYPE>CLAS</REF_OBJ_TYPE><REF_OBJ_NAME>CL_GUI_CONTROL</REF_OBJ_NAME><REF_SUB_TYPE>CPUB</REF_SUB_TYPE><REF_SUB_NAME>CL_GUI_CONTROL</REF_SUB_NAME><REF_INT_TYPE>OO</REF_INT_TYPE><REF_INT_NAME>CL_GUI_CONTROL                FREE</REF_INT_NAME><OBJ_TYPE>PROG</OBJ_TYPE><OBJ_NAME>EDOCX_B_STATUS_REPORT</OBJ_NAME><SUB_TYPE/><SUB_NAME/><INCLUDE_NAME>EDOCX_B_STATUS_REPORT</INCLUDE_NAME><DEVCLASS>EDOCX_BILLER</DEVCLASS><GENFLAG/><DLVUNIT>EA-FINSERV</DLVUNIT><REF_APPL_COMPONENT>BC-FES-GUI</REF_APPL_COMPONENT></item><item><REF_OBJ_TYPE>CLAS</REF_OBJ_TYPE><REF_OBJ_NAME>CL_GUI_CONTAINER</REF_OBJ_NAME><REF_SUB_TYPE>CPUB</REF_SUB_TYPE><REF_SUB_NAME>CL_GUI_CONTAINER</REF_SUB_NAME><REF_INT_TYPE>OO</REF_INT_TYPE><REF_INT_NAME>CL_GUI_CONTAINER              FREE</REF_INT_NAME><OBJ_TYPE>PROG</OBJ_TYPE><OBJ_NAME>EDOCX_B_STATUS_REPORT</OBJ_NAME><SUB_TYPE/><SUB_NAME/><INCLUDE_NAME>EDOCX_B_STATUS_REPORT</INCLUDE_NAME><DEVCLASS>EDOCX_BILLER</DEVCLASS><GENFLAG/><DLVUNIT>EA-FINSERV</DLVUNIT><REF_APPL_COMPONENT>BC-FES-GUI</REF_APPL_COMPONENT></item><item><REF_OBJ_TYPE>CLAS</REF_OBJ_TYPE><REF_OBJ_NAME>CL_GUI_ALV_GRID_BASE</REF_OBJ_NAME><REF_SUB_TYPE>CPUB</REF_SUB_TYPE><REF_SUB_NAME>CL_GUI_ALV_GRID_BASE</REF_SUB_NAME><REF_INT_TYPE>OO</REF_INT_TYPE><REF_INT_NAME>CL_GUI_ALV_GRID_BASE          FREE</REF_INT_NAME><OBJ_TYPE>PROG</OBJ_TYPE><OBJ_NAME>EDOCX_B_STATUS_REPORT</OBJ_NAME><SUB_TYPE/><SUB_NAME/><INCLUDE_NAME>EDOCX_B_STATUS_REPORT</INCLUDE_NAME><DEVCLASS>EDOCX_BILLER</DEVCLASS><GENFLAG/><DLVUNIT>EA-FINSERV</DLVUNIT><REF_APPL_COMPONENT>BC-SRV-ALV</REF_APPL_COMPONENT></item><item><REF_OBJ_TYPE>CLAS</REF_OBJ_TYPE><REF_OBJ_NAME>CL_GUI_ALV_GRID</REF_OBJ_NAME><REF_SUB_TYPE>CPUB</REF_SUB_TYPE><REF_SUB_NAME>CL_GUI_ALV_GRID</REF_SUB_NAME><REF_INT_TYPE>OO</REF_INT_TYPE><REF_INT_NAME>CL_GUI_ALV_GRID               GET_FRONTEND_LAYOUT</REF_INT_NAME><OBJ_TYPE>PROG</OBJ_TYPE><OBJ_NAME>EDOCX_B_STATUS_REPORT</OBJ_NAME><SUB_TYPE/><SUB_NAME/><INCLUDE_NAME>EDOCX_B_STATUS_REPORT</INCLUDE_NAME><DEVCLASS>EDOCX_BILLER</DEVCLASS><GENFLAG/><DLVUNIT>EA-FINSERV</DLVUNIT><REF_APPL_COMPONENT>BC-SRV-ALV</REF_APPL_COMPONENT></item><item><REF_OBJ_TYPE>CLAS</REF_OBJ_TYPE><REF_OBJ_NAME>CL_GUI_ALV_GRID</REF_OBJ_NAME><REF_SUB_TYPE>CPUB</REF_SUB_TYPE><REF_SUB_NAME>CL_GUI_ALV_GRID</REF_SUB_NAME><REF_INT_TYPE>OO</REF_INT_TYPE><REF_INT_NAME>CL_GUI_ALV_GRID               REFRESH_TABLE_DISPLAY</REF_INT_NAME><OBJ_TYPE>PROG</OBJ_TYPE><OBJ_NAME>EDOCX_B_STATUS_REPORT</OBJ_NAME><SUB_TYPE/><SUB_NAME/><INCLUDE_NAME>EDOCX_B_STATUS_REPORT</INCLUDE_NAME><DEVCLASS>EDOCX_BILLER</DEVCLASS><GENFLAG/><DLVUNIT>EA-FINSERV</DLVUNIT><REF_APPL_COMPONENT>BC-SRV-ALV</REF_APPL_COMPONENT></item><item><REF_OBJ_TYPE>CLAS</REF_OBJ_TYPE><REF_OBJ_NAME>CL_GUI_ALV_GRID</REF_OBJ_NAME><REF_SUB_TYPE>CPUB</REF_SUB_TYPE><REF_SUB_NAME>CL_GUI_ALV_GRID</REF_SUB_NAME><REF_INT_TYPE>OO</REF_INT_TYPE><REF_INT_NAME>CL_GUI_ALV_GRID               SET_FRONTEND_LAYOUT</REF_INT_NAME><OBJ_TYPE>PROG</OBJ_TYPE><OBJ_NAME>EDOCX_B_STATUS_REPORT</OBJ_NAME><SUB_TYPE/><SUB_NAME/><INCLUDE_NAME>EDOCX_B_STATUS_REPORT</INCLUDE_NAME><DEVCLASS>EDOCX_BILLER</DEVCLASS><GENFLAG/><DLVUNIT>EA-FINSERV</DLVUNIT><REF_APPL_COMPONENT>BC-SRV-ALV</REF_APPL_COMPONENT></item><item><REF_OBJ_TYPE>CLAS</REF_OBJ_TYPE><REF_OBJ_NAME>CL_GUI_CFW</REF_OBJ_NAME><REF_SUB_TYPE>CPUB</REF_SUB_TYPE><REF_SUB_NAME>CL_GUI_CFW</REF_SUB_NAME><REF_INT_TYPE>OO</REF_INT_TYPE><REF_INT_NAME>CL_GUI_CFW                    SET_NEW_OK_CODE</REF_INT_NAME><OBJ_TYPE>PROG</OBJ_TYPE><OBJ_NAME>EDOCX_B_STATUS_REPORT</OBJ_NAME><SUB_TYPE/><SUB_NAME/><INCLUDE_NAME>EDOCX_B_STATUS_REPORT</INCLUDE_NAME><DEVCLASS>EDOCX_BILLER</DEVCLASS><GENFLAG/><DLVUNIT>EA-FINSERV</DLVUNIT><REF_APPL_COMPONENT>BC-FES-GUI</REF_APPL_COMPONENT></item><item><REF_OBJ_TYPE>CLAS</REF_OBJ_TYPE><REF_OBJ_NAME>CL_GUI_ALV_GRID</REF_OBJ_NAME><REF_SUB_TYPE>CPUB</REF_SUB_TYPE><REF_SUB_NAME>CL_GUI_ALV_GRID</REF_SUB_NAME><REF_INT_TYPE>OO</REF_INT_TYPE><REF_INT_NAME>CL_GUI_ALV_GRID               SET_TABLE_FOR_FIRST_DISPLAY</REF_INT_NAME><OBJ_TYPE>PROG</OBJ_TYPE><OBJ_NAME>EDOCX_B_STATUS_REPORT</OBJ_NAME><SUB_TYPE/><SUB_NAME/><INCLUDE_NAME>EDOCX_B_STATUS_REPORT</INCLUDE_NAME><DEVCLASS>EDOCX_BILLER</DEVCLASS><GENFLAG/><DLVUNIT>EA-FINSERV</DLVUNIT><REF_APPL_COMPONENT>BC-SRV-ALV</REF_APPL_COMPONENT></item><item><REF_OBJ_TYPE>CLAS</REF_OBJ_TYPE><REF_OBJ_NAME>CL_GUI_CUSTOM_CONTAINER</REF_OBJ_NAME><REF_SUB_TYPE>CPUB</REF_SUB_TYPE><REF_SUB_NAME>CL_GUI_CUSTOM_CONTAINER</REF_SUB_NAME><REF_INT_TYPE>OOP</REF_INT_TYPE><REF_INT_NAME>CL_GUI_CUSTOM_CONTAINER       CONSTRUCTOR                                                  CONTAINER_NAME</REF_INT_NAME><OBJ_TYPE>PROG</OBJ_TYPE><OBJ_NAME>EDOCX_B_STATUS_REPORT</OBJ_NAME><SUB_TYPE/><SUB_NAME/><INCLUDE_NAME>EDOCX_B_STATUS_REPORT</INCLUDE_NAME><DEVCLASS>EDOCX_BILLER</DEVCLASS><GENFLAG/><DLVUNIT>EA-FINSERV</DLVUNIT><REF_APPL_COMPONENT>BC-FES-GUI</REF_APPL_COMPONENT></item><item><REF_OBJ_TYPE>CLAS</REF_OBJ_TYPE><REF_OBJ_NAME>CL_GUI_ALV_GRID</REF_OBJ_NAME><REF_SUB_TYPE>CPUB</REF_SUB_TYPE><REF_SUB_NAME>CL_GUI_ALV_GRID</REF_SUB_NAME><REF_INT_TYPE>OOP</REF_INT_TYPE><REF_INT_NAME>CL_GUI_ALV_GRID               CONSTRUCTOR                                                  I_PARENT</REF_INT_NAME><OBJ_TYPE>PROG</OBJ_TYPE><OBJ_NAME>EDOCX_B_STATUS_REPORT</OBJ_NAME><SUB_TYPE/><SUB_NAME/><INCLUDE_NAME>EDOCX_B_STATUS_REPORT</INCLUDE_NAME><DEVCLASS>EDOCX_BILLER</DEVCLASS><GENFLAG/><DLVUNIT>EA-FINSERV</DLVUNIT><REF_APPL_COMPONENT>BC-SRV-ALV</REF_APPL_COMPONENT></item><item><REF_OBJ_TYPE>CLAS</REF_OBJ_TYPE><REF_OBJ_NAME>CL_GUI_ALV_GRID</REF_OBJ_NAME><REF_SUB_TYPE>CPUB</REF_SUB_TYPE><REF_SUB_NAME>CL_GUI_ALV_GRID</REF_SUB_NAME><REF_INT_TYPE>OOP</REF_INT_TYPE><REF_INT_NAME>CL_GUI_ALV_GRID               GET_FRONTEND_LAYOUT                                          ES_LAYOUT</REF_INT_NAME><OBJ_TYPE>PROG</OBJ_TYPE><OBJ_NAME>EDOCX_B_STATUS_REPORT</OBJ_NAME><SUB_TYPE/><SUB_NAME/><INCLUDE_NAME>EDOCX_B_STATUS_REPORT</INCLUDE_NAME><DEVCLASS>EDOCX_BILLER</DEVCLASS><GENFLAG/><DLVUNIT>EA-FINSERV</DLVUNIT><REF_APPL_COMPONENT>BC-SRV-ALV</REF_APPL_COMPONENT></item><item><REF_OBJ_TYPE>CLAS</REF_OBJ_TYPE><REF_OBJ_NAME>CL_GUI_ALV_GRID</REF_OBJ_NAME><REF_SUB_TYPE>CPUB</REF_SUB_TYPE><REF_SUB_NAME>CL_GUI_ALV_GRID</REF_SUB_NAME><REF_INT_TYPE>OOP</REF_INT_TYPE><REF_INT_NAME>CL_GUI_ALV_GRID               SET_FRONTEND_LAYOUT                                          IS_LAYOUT</REF_INT_NAME><OBJ_TYPE>PROG</OBJ_TYPE><OBJ_NAME>EDOCX_B_STATUS_REPORT</OBJ_NAME><SUB_TYPE/><SUB_NAME/><INCLUDE_NAME>EDOCX_B_STATUS_REPORT</INCLUDE_NAME><DEVCLASS>EDOCX_BILLER</DEVCLASS><GENFLAG/><DLVUNIT>EA-FINSERV</DLVUNIT><REF_APPL_COMPONENT>BC-SRV-ALV</REF_APPL_COMPONENT></item><item><REF_OBJ_TYPE>CLAS</REF_OBJ_TYPE><REF_OBJ_NAME>CL_GUI_CFW</REF_OBJ_NAME><REF_SUB_TYPE>CPUB</REF_SUB_TYPE><REF_SUB_NAME>CL_GUI_CFW</REF_SUB_NAME><REF_INT_TYPE>OOP</REF_INT_TYPE><REF_INT_NAME>CL_GUI_CFW                    SET_NEW_OK_CODE                                              NEW_CODE</REF_INT_NAME><OBJ_TYPE>PROG</OBJ_TYPE><OBJ_NAME>EDOCX_B_STATUS_REPORT</OBJ_NAME><SUB_TYPE/><SUB_NAME/><INCLUDE_NAME>EDOCX_B_STATUS_REPORT</INCLUDE_NAME><DEVCLASS>EDOCX_BILLER</DEVCLASS><GENFLAG/><DLVUNIT>EA-FINSERV</DLVUNIT><REF_APPL_COMPONENT>BC-FES-GUI</REF_APPL_COMPONENT></item><item><REF_OBJ_TYPE>CLAS</REF_OBJ_TYPE><REF_OBJ_NAME>CL_GUI_ALV_GRID</REF_OBJ_NAME><REF_SUB_TYPE>CPUB</REF_SUB_TYPE><REF_SUB_NAME>CL_GUI_ALV_GRID</REF_SUB_NAME><REF_INT_TYPE>OOP</REF_INT_TYPE><REF_INT_NAME>CL_GUI_ALV_GRID               SET_TABLE_FOR_FIRST_DISPLAY                                  IS_LAYOUT</REF_INT_NAME><OBJ_TYPE>PROG</OBJ_TYPE><OBJ_NAME>EDOCX_B_STATUS_REPORT</OBJ_NAME><SUB_TYPE/><SUB_NAME/><INCLUDE_NAME>EDOCX_B_STATUS_REPORT</INCLUDE_NAME><DEVCLASS>EDOCX_BILLER</DEVCLASS><GENFLAG/><DLVUNIT>EA-FINSERV</DLVUNIT><REF_APPL_COMPONENT>BC-SRV-ALV</REF_APPL_COMPONENT></item><item><REF_OBJ_TYPE>CLAS</REF_OBJ_TYPE><REF_OBJ_NAME>CL_GUI_ALV_GRID</REF_OBJ_NAME><REF_SUB_TYPE>CPUB</REF_SUB_TYPE><REF_SUB_NAME>CL_GUI_ALV_GRID</REF_SUB_NAME><REF_INT_TYPE>OOP</REF_INT_TYPE><REF_INT_NAME>CL_GUI_ALV_GRID               SET_TABLE_FOR_FIRST_DISPLAY                                  IS_VARIANT</REF_INT_NAME><OBJ_TYPE>PROG</OBJ_TYPE><OBJ_NAME>EDOCX_B_STATUS_REPORT</OBJ_NAME><SUB_TYPE/><SUB_NAME/><INCLUDE_NAME>EDOCX_B_STATUS_REPORT</INCLUDE_NAME><DEVCLASS>EDOCX_BILLER</DEVCLASS><GENFLAG/><DLVUNIT>EA-FINSERV</DLVUNIT><REF_APPL_COMPONENT>BC-SRV-ALV</REF_APPL_COMPONENT></item><item><REF_OBJ_TYPE>CLAS</REF_OBJ_TYPE><REF_OBJ_NAME>CL_GUI_ALV_GRID</REF_OBJ_NAME><REF_SUB_TYPE>CPUB</REF_SUB_TYPE><REF_SUB_NAME>CL_GUI_ALV_GRID</REF_SUB_NAME><REF_INT_TYPE>OOP</REF_INT_TYPE><REF_INT_NAME>CL_GUI_ALV_GRID               SET_TABLE_FOR_FIRST_DISPLAY                                  IT_FIELDCATALOG</REF_INT_NAME><OBJ_TYPE>PROG</OBJ_TYPE><OBJ_NAME>EDOCX_B_STATUS_REPORT</OBJ_NAME><SUB_TYPE/><SUB_NAME/><INCLUDE_NAME>EDOCX_B_STATUS_REPORT</INCLUDE_NAME><DEVCLASS>EDOCX_BILLER</DEVCLASS><GENFLAG/><DLVUNIT>EA-FINSERV</DLVUNIT><REF_APPL_COMPONENT>BC-SRV-ALV</REF_APPL_COMPONENT></item><item><REF_OBJ_TYPE>CLAS</REF_OBJ_TYPE><REF_OBJ_NAME>CL_GUI_ALV_GRID</REF_OBJ_NAME><REF_SUB_TYPE>CPUB</REF_SUB_TYPE><REF_SUB_NAME>CL_GUI_ALV_GRID</REF_SUB_NAME><REF_INT_TYPE>OOP</REF_INT_TYPE><REF_INT_NAME>CL_GUI_ALV_GRID               SET_TABLE_FOR_FIRST_DISPLAY                                  IT_OUTTAB</REF_INT_NAME><OBJ_TYPE>PROG</OBJ_TYPE><OBJ_NAME>EDOCX_B_STATUS_REPORT</OBJ_NAME><SUB_TYPE/><SUB_NAME/><INCLUDE_NAME>EDOCX_B_STATUS_REPORT</INCLUDE_NAME><DEVCLASS>EDOCX_BILLER</DEVCLASS><GENFLAG/><DLVUNIT>EA-FINSERV</DLVUNIT><REF_APPL_COMPONENT>BC-SRV-ALV</REF_APPL_COMPONENT></item><item><REF_OBJ_TYPE>CLAS</REF_OBJ_TYPE><REF_OBJ_NAME>CL_GUI_ALV_GRID</REF_OBJ_NAME><REF_SUB_TYPE>CPUB</REF_SUB_TYPE><REF_SUB_NAME>CL_GUI_ALV_GRID</REF_SUB_NAME><REF_INT_TYPE>OOP</REF_INT_TYPE><REF_INT_NAME>CL_GUI_ALV_GRID               SET_TABLE_FOR_FIRST_DISPLAY                                  IT_SORT</REF_INT_NAME><OBJ_TYPE>PROG</OBJ_TYPE><OBJ_NAME>EDOCX_B_STATUS_REPORT</OBJ_NAME><SUB_TYPE/><SUB_NAME/><INCLUDE_NAME>EDOCX_B_STATUS_REPORT</INCLUDE_NAME><DEVCLASS>EDOCX_BILLER</DEVCLASS><GENFLAG/><DLVUNIT>EA-FINSERV</DLVUNIT><REF_APPL_COMPONENT>BC-SRV-ALV</REF_APPL_COMPONENT></item><item><REF_OBJ_TYPE>CLAS</REF_OBJ_TYPE><REF_OBJ_NAME>CL_GUI_ALV_GRID</REF_OBJ_NAME><REF_SUB_TYPE>CPUB</REF_SUB_TYPE><REF_SUB_NAME>CL_GUI_ALV_GRID</REF_SUB_NAME><REF_INT_TYPE>OOP</REF_INT_TYPE><REF_INT_NAME>CL_GUI_ALV_GRID               SET_TABLE_FOR_FIRST_DISPLAY                                  I_DEFAULT</REF_INT_NAME><OBJ_TYPE>PROG</OBJ_TYPE><OBJ_NAME>EDOCX_B_STATUS_REPORT</OBJ_NAME><SUB_TYPE/><SUB_NAME/><INCLUDE_NAME>EDOCX_B_STATUS_REPORT</INCLUDE_NAME><DEVCLASS>EDOCX_BILLER</DEVCLASS><GENFLAG/><DLVUNIT>EA-FINSERV</DLVUNIT><REF_APPL_COMPONENT>BC-SRV-ALV</REF_APPL_COMPONENT></item><item><REF_OBJ_TYPE>CLAS</REF_OBJ_TYPE><REF_OBJ_NAME>CL_GUI_ALV_GRID</REF_OBJ_NAME><REF_SUB_TYPE>CPUB</REF_SUB_TYPE><REF_SUB_NAME>CL_GUI_ALV_GRID</REF_SUB_NAME><REF_INT_TYPE>OOP</REF_INT_TYPE><REF_INT_NAME>CL_GUI_ALV_GRID               SET_TABLE_FOR_FIRST_DISPLAY                                  I_SAVE</REF_INT_NAME><OBJ_TYPE>PROG</OBJ_TYPE><OBJ_NAME>EDOCX_B_STATUS_REPORT</OBJ_NAME><SUB_TYPE/><SUB_NAME/><INCLUDE_NAME>EDOCX_B_STATUS_REPORT</INCLUDE_NAME><DEVCLASS>EDOCX_BILLER</DEVCLASS><GENFLAG/><DLVUNIT>EA-FINSERV</DLVUNIT><REF_APPL_COMPONENT>BC-SRV-ALV</REF_APPL_COMPONENT></item><item><REF_OBJ_TYPE>CLAS</REF_OBJ_TYPE><REF_OBJ_NAME>CL_GUI_ALV_GRID</REF_OBJ_NAME><REF_SUB_TYPE>CPUB</REF_SUB_TYPE><REF_SUB_NAME>CL_GUI_ALV_GRID</REF_SUB_NAME><REF_INT_TYPE>OOP</REF_INT_TYPE><REF_INT_NAME>CL_GUI_ALV_GRID               SET_TABLE_FOR_FIRST_DISPLAY                                  I_STRUCTURE_NAME</REF_INT_NAME><OBJ_TYPE>PROG</OBJ_TYPE><OBJ_NAME>EDOCX_B_STATUS_REPORT</OBJ_NAME><SUB_TYPE/><SUB_NAME/><INCLUDE_NAME>EDOCX_B_STATUS_REPORT</INCLUDE_NAME><DEVCLASS>EDOCX_BILLER</DEVCLASS><GENFLAG/><DLVUNIT>EA-FINSERV</DLVUNIT><REF_APPL_COMPONENT>BC-SRV-ALV</REF_APPL_COMPONENT></item><item><REF_OBJ_TYPE>TABL</REF_OBJ_TYPE><REF_OBJ_NAME>ALV_S_FCAT</REF_OBJ_NAME><REF_SUB_TYPE/><REF_SUB_NAME/><REF_INT_TYPE/><REF_INT_NAME/><OBJ_TYPE>PROG</OBJ_TYPE><OBJ_NAME>EDOCX_B_STATUS_REPORT</OBJ_NAME><SUB_TYPE/><SUB_NAME/><INCLUDE_NAME>EDOCX_B_STATUS_REPORT</INCLUDE_NAME><DEVCLASS>EDOCX_BILLER</DEVCLASS><GENFLAG/><DLVUNIT>EA-FINSERV</DLVUNIT><REF_APPL_COMPONENT>BC-SRV-ALV</REF_APPL_COMPONENT></item><item><REF_OBJ_TYPE>TABL</REF_OBJ_TYPE><REF_OBJ_NAME>ALV_S_LAYO</REF_OBJ_NAME><REF_SUB_TYPE/><REF_SUB_NAME/><REF_INT_TYPE/><REF_INT_NAME/><OBJ_TYPE>PROG</OBJ_TYPE><OBJ_NAME>EDOCX_B_STATUS_REPORT</OBJ_NAME><SUB_TYPE/><SUB_NAME/><INCLUDE_NAME>EDOCX_B_STATUS_REPORT</INCLUDE_NAME><DEVCLASS>EDOCX_BILLER</DEVCLASS><GENFLAG/><DLVUNIT>EA-FINSERV</DLVUNIT><REF_APPL_COMPONENT>BC-SRV-ALV</REF_APPL_COMPONENT></item><item><REF_OBJ_TYPE>TABL</REF_OBJ_TYPE><REF_OBJ_NAME>ALV_S_SORT</REF_OBJ_NAME><REF_SUB_TYPE/><REF_SUB_NAME/><REF_INT_TYPE/><REF_INT_NAME/><OBJ_TYPE>PROG</OBJ_TYPE><OBJ_NAME>EDOCX_B_STATUS_REPORT</OBJ_NAME><SUB_TYPE/><SUB_NAME/><INCLUDE_NAME>EDOCX_B_STATUS_REPORT</INCLUDE_NAME><DEVCLASS>EDOCX_BILLER</DEVCLASS><GENFLAG/><DLVUNIT>EA-FINSERV</DLVUNIT><REF_APPL_COMPONENT>BC-SRV-ALV</REF_APPL_COMPONENT></item><item><REF_OBJ_TYPE>TABL</REF_OBJ_TYPE><REF_OBJ_NAME>DISVARIANT</REF_OBJ_NAME><REF_SUB_TYPE/><REF_SUB_NAME/><REF_INT_TYPE/><REF_INT_NAME/><OBJ_TYPE>PROG</OBJ_TYPE><OBJ_NAME>EDOCX_B_STATUS_REPORT</OBJ_NAME><SUB_TYPE/><SUB_NAME/><INCLUDE_NAME>EDOCX_B_STATUS_REPORT</INCLUDE_NAME><DEVCLASS>EDOCX_BILLER</DEVCLASS><GENFLAG/><DLVUNIT>EA-FINSERV</DLVUNIT><REF_APPL_COMPONENT>BC-SRV-ALV</REF_APPL_COMPONENT></item><item><REF_OBJ_TYPE>TABL</REF_OBJ_TYPE><REF_OBJ_NAME>EDOCX_B_INVOICE_REPORT</REF_OBJ_NAME><REF_SUB_TYPE/><REF_SUB_NAME/><REF_INT_TYPE/><REF_INT_NAME/><OBJ_TYPE>PROG</OBJ_TYPE><OBJ_NAME>EDOCX_B_STATUS_REPORT</OBJ_NAME><SUB_TYPE/><SUB_NAME/><INCLUDE_NAME>EDOCX_B_STATUS_REPORT</INCLUDE_NAME><DEVCLASS>EDOCX_BILLER</DEVCLASS><GENFLAG/><DLVUNIT>EA-FINSERV</DLVUNIT><REF_APPL_COMPONENT>FI-LC</REF_APPL_COMPONENT></item><item><REF_OBJ_TYPE>TABL</REF_OBJ_TYPE><REF_OBJ_NAME>LVC_S_FCAT</REF_OBJ_NAME><REF_SUB_TYPE/><REF_SUB_NAME/><REF_INT_TYPE/><REF_INT_NAME/><OBJ_TYPE>PROG</OBJ_TYPE><OBJ_NAME>EDOCX_B_STATUS_REPORT</OBJ_NAME><SUB_TYPE/><SUB_NAME/><INCLUDE_NAME>EDOCX_B_STATUS_REPORT</INCLUDE_NAME><DEVCLASS>EDOCX_BILLER</DEVCLASS><GENFLAG/><DLVUNIT>EA-FINSERV</DLVUNIT><REF_APPL_COMPONENT>BC-SRV-ALV</REF_APPL_COMPONENT></item><item><REF_OBJ_TYPE>TABL</REF_OBJ_TYPE><REF_OBJ_NAME>LVC_S_L002</REF_OBJ_NAME><REF_SUB_TYPE/><REF_SUB_NAME/><REF_INT_TYPE/><REF_INT_NAME/><OBJ_TYPE>PROG</OBJ_TYPE><OBJ_NAME>EDOCX_B_STATUS_REPORT</OBJ_NAME><SUB_TYPE/><SUB_NAME/><INCLUDE_NAME>EDOCX_B_STATUS_REPORT</INCLUDE_NAME><DEVCLASS>EDOCX_BILLER</DEVCLASS><GENFLAG/><DLVUNIT>EA-FINSERV</DLVUNIT><REF_APPL_COMPONENT>BC-SRV-ALV</REF_APPL_COMPONENT></item><item><REF_OBJ_TYPE>TABL</REF_OBJ_TYPE><REF_OBJ_NAME>LVC_S_L004</REF_OBJ_NAME><REF_SUB_TYPE/><REF_SUB_NAME/><REF_INT_TYPE/><REF_INT_NAME/><OBJ_TYPE>PROG</OBJ_TYPE><OBJ_NAME>EDOCX_B_STATUS_REPORT</OBJ_NAME><SUB_TYPE/><SUB_NAME/><INCLUDE_NAME>EDOCX_B_STATUS_REPORT</INCLUDE_NAME><DEVCLASS>EDOCX_BILLER</DEVCLASS><GENFLAG/><DLVUNIT>EA-FINSERV</DLVUNIT><REF_APPL_COMPONENT>BC-SRV-ALV</REF_APPL_COMPONENT></item><item><REF_OBJ_TYPE>TABL</REF_OBJ_TYPE><REF_OBJ_NAME>LVC_S_LAYO</REF_OBJ_NAME><REF_SUB_TYPE/><REF_SUB_NAME/><REF_INT_TYPE/><REF_INT_NAME/><OBJ_TYPE>PROG</OBJ_TYPE><OBJ_NAME>EDOCX_B_STATUS_REPORT</OBJ_NAME><SUB_TYPE/><SUB_NAME/><INCLUDE_NAME>EDOCX_B_STATUS_REPORT</INCLUDE_NAME><DEVCLASS>EDOCX_BILLER</DEVCLASS><GENFLAG/><DLVUNIT>EA-FINSERV</DLVUNIT><REF_APPL_COMPONENT>BC-SRV-ALV</REF_APPL_COMPONENT></item><item><REF_OBJ_TYPE>TABL</REF_OBJ_TYPE><REF_OBJ_NAME>LVC_S_ROID</REF_OBJ_NAME><REF_SUB_TYPE/><REF_SUB_NAME/><REF_INT_TYPE/><REF_INT_NAME/><OBJ_TYPE>PROG</OBJ_TYPE><OBJ_NAME>EDOCX_B_STATUS_REPORT</OBJ_NAME><SUB_TYPE/><SUB_NAME/><INCLUDE_NAME>EDOCX_B_STATUS_REPORT</INCLUDE_NAME><DEVCLASS>EDOCX_BILLER</DEVCLASS><GENFLAG/><DLVUNIT>EA-FINSERV</DLVUNIT><REF_APPL_COMPONENT>BC-SRV-ALV</REF_APPL_COMPONENT></item><item><REF_OBJ_TYPE>TABL</REF_OBJ_TYPE><REF_OBJ_NAME>LVC_S_SORT</REF_OBJ_NAME><REF_SUB_TYPE/><REF_SUB_NAME/><REF_INT_TYPE/><REF_INT_NAME/><OBJ_TYPE>PROG</OBJ_TYPE><OBJ_NAME>EDOCX_B_STATUS_REPORT</OBJ_NAME><SUB_TYPE/><SUB_NAME/><INCLUDE_NAME>EDOCX_B_STATUS_REPORT</INCLUDE_NAME><DEVCLASS>EDOCX_BILLER</DEVCLASS><GENFLAG/><DLVUNIT>EA-FINSERV</DLVUNIT><REF_APPL_COMPONENT>BC-SRV-ALV</REF_APPL_COMPONENT></item><item><REF_OBJ_TYPE>TABL</REF_OBJ_TYPE><REF_OBJ_NAME>SCREEN</REF_OBJ_NAME><REF_SUB_TYPE/><REF_SUB_NAME/><REF_INT_TYPE/><REF_INT_NAME/><OBJ_TYPE>PROG</OBJ_TYPE><OBJ_NAME>EDOCX_B_STATUS_REPORT</OBJ_NAME><SUB_TYPE/><SUB_NAME/><INCLUDE_NAME>EDOCX_B_STATUS_REPORT</INCLUDE_NAME><DEVCLASS>EDOCX_BILLER</DEVCLASS><GENFLAG/><DLVUNIT>EA-FINSERV</DLVUNIT><REF_APPL_COMPONENT>BC-ABA-LA</REF_APPL_COMPONENT></item><item><REF_OBJ_TYPE>TABL</REF_OBJ_TYPE><REF_OBJ_NAME>STB_BUTTON</REF_OBJ_NAME><REF_SUB_TYPE/><REF_SUB_NAME/><REF_INT_TYPE/><REF_INT_NAME/><OBJ_TYPE>PROG</OBJ_TYPE><OBJ_NAME>EDOCX_B_STATUS_REPORT</OBJ_NAME><SUB_TYPE/><SUB_NAME/><INCLUDE_NAME>EDOCX_B_STATUS_REPORT</INCLUDE_NAME><DEVCLASS>EDOCX_BILLER</DEVCLASS><GENFLAG/><DLVUNIT>EA-FINSERV</DLVUNIT><REF_APPL_COMPONENT>BC-FES-CTL</REF_APPL_COMPONENT></item><item><REF_OBJ_TYPE>TABL</REF_OBJ_TYPE><REF_OBJ_NAME>SYST</REF_OBJ_NAME><REF_SUB_TYPE/><REF_SUB_NAME/><REF_INT_TYPE/><REF_INT_NAME/><OBJ_TYPE>PROG</OBJ_TYPE><OBJ_NAME>EDOCX_B_STATUS_REPORT</OBJ_NAME><SUB_TYPE/><SUB_NAME/><INCLUDE_NAME>EDOCX_B_STATUS_REPORT</INCLUDE_NAME><DEVCLASS>EDOCX_BILLER</DEVCLASS><GENFLAG/><DLVUNIT>EA-FINSERV</DLVUNIT><REF_APPL_COMPONENT>BC-ABA-LA</REF_APPL_COMPONENT></item><item><REF_OBJ_TYPE>TABL</REF_OBJ_TYPE><REF_OBJ_NAME>EDOCX_B_SETUP</REF_OBJ_NAME><REF_SUB_TYPE/><REF_SUB_NAME/><REF_INT_TYPE/><REF_INT_NAME/><OBJ_TYPE>PROG</OBJ_TYPE><OBJ_NAME>EDOCX_B_STATUS_REPORT</OBJ_NAME><SUB_TYPE/><SUB_NAME/><INCLUDE_NAME>EDOCX_B_STATUS_REPORT</INCLUDE_NAME><DEVCLASS>EDOCX_BILLER</DEVCLASS><GENFLAG/><DLVUNIT>EA-FINSERV</DLVUNIT><REF_APPL_COMPONENT>FI-LC</REF_APPL_COMPONENT></item><item><REF_OBJ_TYPE>TRAN</REF_OBJ_TYPE><REF_OBJ_NAME>EDOCX_B_ARCH_LINK</REF_OBJ_NAME><REF_SUB_TYPE/><REF_SUB_NAME/><REF_INT_TYPE/><REF_INT_NAME/><OBJ_TYPE>PROG</OBJ_TYPE><OBJ_NAME>EDOCX_B_STATUS_REPORT</OBJ_NAME><SUB_TYPE/><SUB_NAME/><INCLUDE_NAME>EDOCX_B_STATUS_REPORT</INCLUDE_NAME><DEVCLASS>EDOCX_BILLER</DEVCLASS><GENFLAG/><DLVUNIT>EA-FINSERV</DLVUNIT><REF_APPL_COMPONENT>FI-LC</REF_APPL_COMPONENT></item><item><REF_OBJ_TYPE>TRAN</REF_OBJ_TYPE><REF_OBJ_NAME>EDOCX_B_SEND</REF_OBJ_NAME><REF_SUB_TYPE/><REF_SUB_NAME/><REF_INT_TYPE/><REF_INT_NAME/><OBJ_TYPE>PROG</OBJ_TYPE><OBJ_NAME>EDOCX_B_STATUS_REPORT</OBJ_NAME><SUB_TYPE/><SUB_NAME/><INCLUDE_NAME>EDOCX_B_STATUS_REPORT</INCLUDE_NAME><DEVCLASS>EDOCX_BILLER</DEVCLASS><GENFLAG/><DLVUNIT>EA-FINSERV</DLVUNIT><REF_APPL_COMPONENT>FI-LC</REF_APPL_COMPONENT></item><item><REF_OBJ_TYPE>TTYP</REF_OBJ_TYPE><REF_OBJ_NAME>LVC_T_FCAT</REF_OBJ_NAME><REF_SUB_TYPE/><REF_SUB_NAME/><REF_INT_TYPE/><REF_INT_NAME/><OBJ_TYPE>PROG</OBJ_TYPE><OBJ_NAME>EDOCX_B_STATUS_REPORT</OBJ_NAME><SUB_TYPE/><SUB_NAME/><INCLUDE_NAME>EDOCX_B_STATUS_REPORT</INCLUDE_NAME><DEVCLASS>EDOCX_BILLER</DEVCLASS><GENFLAG/><DLVUNIT>EA-FINSERV</DLVUNIT><REF_APPL_COMPONENT>BC-SRV-ALV</REF_APPL_COMPONENT></item><item><REF_OBJ_TYPE>TTYP</REF_OBJ_TYPE><REF_OBJ_NAME>LVC_T_SORT</REF_OBJ_NAME><REF_SUB_TYPE/><REF_SUB_NAME/><REF_INT_TYPE/><REF_INT_NAME/><OBJ_TYPE>PROG</OBJ_TYPE><OBJ_NAME>EDOCX_B_STATUS_REPORT</OBJ_NAME><SUB_TYPE/><SUB_NAME/><INCLUDE_NAME>EDOCX_B_STATUS_REPORT</INCLUDE_NAME><DEVCLASS>EDOCX_BILLER</DEVCLASS><GENFLAG/><DLVUNIT>EA-FINSERV</DLVUNIT><REF_APPL_COMPONENT>BC-SRV-ALV</REF_APPL_COMPONENT></item><item><REF_OBJ_TYPE>TYPE</REF_OBJ_TYPE><REF_OBJ_NAME>ICON</REF_OBJ_NAME><REF_SUB_TYPE/><REF_SUB_NAME/><REF_INT_TYPE/><REF_INT_NAME/><OBJ_TYPE>PROG</OBJ_TYPE><OBJ_NAME>EDOCX_B_STATUS_REPORT</OBJ_NAME><SUB_TYPE/><SUB_NAME/><INCLUDE_NAME>EDOCX_B_STATUS_REPORT</INCLUDE_NAME><DEVCLASS>EDOCX_BILLER</DEVCLASS><GENFLAG/><DLVUNIT>EA-FINSERV</DLVUNIT><REF_APPL_COMPONENT>BC-ABA-LA</REF_APPL_COMPONENT></item><item><REF_OBJ_TYPE>VIEW</REF_OBJ_TYPE><REF_OBJ_NAME>EDOCX_B_REPORT</REF_OBJ_NAME><REF_SUB_TYPE/><REF_SUB_NAME/><REF_INT_TYPE/><REF_INT_NAME/><OBJ_TYPE>PROG</OBJ_TYPE><OBJ_NAME>EDOCX_B_STATUS_REPORT</OBJ_NAME><SUB_TYPE/><SUB_NAME/><INCLUDE_NAME>EDOCX_B_STATUS_REPORT</INCLUDE_NAME><DEVCLASS>EDOCX_BILLER</DEVCLASS><GENFLAG/><DLVUNIT>EA-FINSERV</DLVUNIT><REF_APPL_COMPONENT>FI-LC</REF_APPL_COMPONENT></item></REF_DATA></asx:values></asx:abap>