<?xml version="1.0" encoding="utf-8"?><asx:abap version="1.0" xmlns:asx="http://www.sap.com/abapxml"><asx:values><REF_DATA><item><REF_OBJ_TYPE>INCL</REF_OBJ_TYPE><REF_OBJ_NAME>/CRYSTAL/SAPLOPENSQL</REF_OBJ_NAME><REF_SUB_TYPE>INCL</REF_SUB_TYPE><REF_SUB_NAME>/CRYSTAL/LOPENSQLF01</REF_SUB_NAME><REF_INT_TYPE/><REF_INT_NAME/><OBJ_TYPE>FUGR</OBJ_TYPE><OBJ_NAME>/CRYSTAL/OPENSQL</OBJ_NAME><SUB_TYPE>REPS</SUB_TYPE><SUB_NAME>/CRYSTAL/SAPLOPENSQL</SUB_NAME><INCLUDE_NAME>/CRYSTAL/SAPLOPENSQL</INCLUDE_NAME><DEVCLASS>/CRYSTAL/BC</DEVCLASS><GENFLAG/><DLVUNIT>SAP_ABA</DLVUNIT><REF_APPL_COMPONENT/></item><item><REF_OBJ_TYPE>INCL</REF_OBJ_TYPE><REF_OBJ_NAME>/CRYSTAL/SAPLOPENSQL</REF_OBJ_NAME><REF_SUB_TYPE>INCL</REF_SUB_TYPE><REF_SUB_NAME>/CRYSTAL/OSQL_AUTH_FORMS</REF_SUB_NAME><REF_INT_TYPE/><REF_INT_NAME/><OBJ_TYPE>FUGR</OBJ_TYPE><OBJ_NAME>/CRYSTAL/OPENSQL</OBJ_NAME><SUB_TYPE>REPS</SUB_TYPE><SUB_NAME>/CRYSTAL/SAPLOPENSQL</SUB_NAME><INCLUDE_NAME>/CRYSTAL/SAPLOPENSQL</INCLUDE_NAME><DEVCLASS>/CRYSTAL/BC</DEVCLASS><GENFLAG/><DLVUNIT>SAP_ABA</DLVUNIT><REF_APPL_COMPONENT/></item><item><REF_OBJ_TYPE>INCL</REF_OBJ_TYPE><REF_OBJ_NAME>/CRYSTAL/SAPLOPENSQL</REF_OBJ_NAME><REF_SUB_TYPE>INCL</REF_SUB_TYPE><REF_SUB_NAME>/CRYSTAL/OSQL_TYPEPOOLS</REF_SUB_NAME><REF_INT_TYPE/><REF_INT_NAME/><OBJ_TYPE>FUGR</OBJ_TYPE><OBJ_NAME>/CRYSTAL/OPENSQL</OBJ_NAME><SUB_TYPE>REPS</SUB_TYPE><SUB_NAME>/CRYSTAL/SAPLOPENSQL</SUB_NAME><INCLUDE_NAME>/CRYSTAL/SAPLOPENSQL</INCLUDE_NAME><DEVCLASS>/CRYSTAL/BC</DEVCLASS><GENFLAG/><DLVUNIT>SAP_ABA</DLVUNIT><REF_APPL_COMPONENT/></item></REF_DATA></asx:values></asx:abap>