<?xml version="1.0" encoding="utf-8"?><asx:abap version="1.0" xmlns:asx="http://www.sap.com/abapxml"><asx:values><REF_DATA><item><REF_OBJ_TYPE>TABL</REF_OBJ_TYPE><REF_OBJ_NAME>BAPIEABLU</REF_OBJ_NAME><REF_SUB_TYPE/><REF_SUB_NAME/><REF_INT_TYPE/><REF_INT_NAME/><OBJ_TYPE>ENHO</OBJ_TYPE><OBJ_NAME>ZISU_UE_BAPI_MTRREADDOC_UPLOAD</OBJ_NAME><SUB_TYPE/><SUB_NAME/><INCLUDE_NAME>ZISU_UE_BAPI_MTRREADDOC_UPLOADE</INCLUDE_NAME><DEVCLASS>ZISU_UE_MDE</DEVCLASS><GENFLAG/><DLVUNIT>HOME</DLVUNIT><REF_APPL_COMPONENT>IS-U-DM-MR</REF_APPL_COMPONENT></item><item><REF_OBJ_TYPE>TABL</REF_OBJ_TYPE><REF_OBJ_NAME>SYST</REF_OBJ_NAME><REF_SUB_TYPE/><REF_SUB_NAME/><REF_INT_TYPE/><REF_INT_NAME/><OBJ_TYPE>ENHO</OBJ_TYPE><OBJ_NAME>ZISU_UE_BAPI_MTRREADDOC_UPLOAD</OBJ_NAME><SUB_TYPE/><SUB_NAME/><INCLUDE_NAME>ZISU_UE_BAPI_MTRREADDOC_UPLOADE</INCLUDE_NAME><DEVCLASS>ZISU_UE_MDE</DEVCLASS><GENFLAG/><DLVUNIT>HOME</DLVUNIT><REF_APPL_COMPONENT>BC-ABA-LA</REF_APPL_COMPONENT></item><item><REF_OBJ_TYPE>TABL</REF_OBJ_TYPE><REF_OBJ_NAME>EABL</REF_OBJ_NAME><REF_SUB_TYPE/><REF_SUB_NAME/><REF_INT_TYPE/><REF_INT_NAME/><OBJ_TYPE>ENHO</OBJ_TYPE><OBJ_NAME>ZISU_UE_BAPI_MTRREADDOC_UPLOAD</OBJ_NAME><SUB_TYPE/><SUB_NAME/><INCLUDE_NAME>ZISU_UE_BAPI_MTRREADDOC_UPLOADE</INCLUDE_NAME><DEVCLASS>ZISU_UE_MDE</DEVCLASS><GENFLAG/><DLVUNIT>HOME</DLVUNIT><REF_APPL_COMPONENT>IS-U-DM-MR</REF_APPL_COMPONENT></item><item><REF_OBJ_TYPE>TABL</REF_OBJ_TYPE><REF_OBJ_NAME>EABLG</REF_OBJ_NAME><REF_SUB_TYPE/><REF_SUB_NAME/><REF_INT_TYPE/><REF_INT_NAME/><OBJ_TYPE>ENHO</OBJ_TYPE><OBJ_NAME>ZISU_UE_BAPI_MTRREADDOC_UPLOAD</OBJ_NAME><SUB_TYPE/><SUB_NAME/><INCLUDE_NAME>ZISU_UE_BAPI_MTRREADDOC_UPLOADE</INCLUDE_NAME><DEVCLASS>ZISU_UE_MDE</DEVCLASS><GENFLAG/><DLVUNIT>HOME</DLVUNIT><REF_APPL_COMPONENT>IS-U-DM-MR</REF_APPL_COMPONENT></item><item><REF_OBJ_TYPE>ENHS</REF_OBJ_TYPE><REF_OBJ_NAME>ES_SAPLMIGO</REF_OBJ_NAME><REF_SUB_TYPE/><REF_SUB_NAME/><REF_INT_TYPE/><REF_INT_NAME/><OBJ_TYPE>ENHO</OBJ_TYPE><OBJ_NAME>ZMM_UE_LMIGODS3</OBJ_NAME><SUB_TYPE/><SUB_NAME/><INCLUDE_NAME/><DEVCLASS>ZMM_UE</DEVCLASS><GENFLAG/><DLVUNIT>HOME</DLVUNIT><REF_APPL_COMPONENT>MM-IM</REF_APPL_COMPONENT></item><item><REF_OBJ_TYPE>CLAS</REF_OBJ_TYPE><REF_OBJ_NAME>CL_DMEE_PAYM_UT</REF_OBJ_NAME><REF_SUB_TYPE/><REF_SUB_NAME/><REF_INT_TYPE/><REF_INT_NAME/><OBJ_TYPE>ENHO</OBJ_TYPE><OBJ_NAME>Z_ENH_DMEE_PAYM_UT_PCD_GET</OBJ_NAME><SUB_TYPE/><SUB_NAME/><INCLUDE_NAME>Z_ENH_DMEE_PAYM_UT_PCD_GET====E</INCLUDE_NAME><DEVCLASS>ZFI_ID-DMEE_ENH</DEVCLASS><GENFLAG/><DLVUNIT>HOME</DLVUNIT><REF_APPL_COMPONENT>FI-LOC-DME</REF_APPL_COMPONENT></item><item><REF_OBJ_TYPE>CLAS</REF_OBJ_TYPE><REF_OBJ_NAME>CL_DMEE_PAYM_UT</REF_OBJ_NAME><REF_SUB_TYPE>CPUB</REF_SUB_TYPE><REF_SUB_NAME>CL_DMEE_PAYM_UT</REF_SUB_NAME><REF_INT_TYPE>OOP</REF_INT_TYPE><REF_INT_NAME>CL_DMEE_PAYM_UT               NATION_CRED_DETAILS_GET                                      CV_ADRC_SELECT_FLG</REF_INT_NAME><OBJ_TYPE>ENHO</OBJ_TYPE><OBJ_NAME>Z_ENH_DMEE_PAYM_UT_PCD_GET</OBJ_NAME><SUB_TYPE/><SUB_NAME/><INCLUDE_NAME>Z_ENH_DMEE_PAYM_UT_PCD_GET====E</INCLUDE_NAME><DEVCLASS>ZFI_ID-DMEE_ENH</DEVCLASS><GENFLAG/><DLVUNIT>HOME</DLVUNIT><REF_APPL_COMPONENT>FI-LOC-DME</REF_APPL_COMPONENT></item></REF_DATA></asx:values></asx:abap>